collective,src,dst,bytes,means,tier,bw_gbps,start_ns,end_ns,dur_ns
all_to_all_dispatch,0,29,2727936,OCS,OPTICAL,50.0,0.0,60558.7,60558.7
all_to_all_dispatch,0,24,1982464,OCS,OPTICAL,50.0,60558.7,106208.0,45649.3
all_to_all_dispatch,0,11,1970176,INTRA_POD,INTRA_POD,50.0,106208.0,150611.5,44403.5
all_to_all_dispatch,0,5,1851392,INTRA_NODE,INTRA_NODE,450.0,0.0,6114.2,6114.2
all_to_all_dispatch,0,21,1822720,OCS,OPTICAL,50.0,150611.5,193065.9,42454.4
all_to_all_dispatch,0,18,1777664,OCS,OPTICAL,50.0,193065.9,234619.2,41553.3
all_to_all_dispatch,0,14,1740800,INTRA_POD,INTRA_POD,50.0,234619.2,274435.2,39816.0
all_to_all_dispatch,0,3,1728512,INTRA_NODE,INTRA_NODE,450.0,6114.2,11955.3,5841.1
all_to_all_dispatch,0,17,1662976,OCS,OPTICAL,50.0,274435.2,313694.7,39259.5
all_to_all_dispatch,0,8,1462272,INTRA_POD,INTRA_POD,50.0,313694.7,347940.2,34245.4
all_to_all_dispatch,0,25,1441792,CROSS_POD,CROSS_POD,12.5,347940.2,475283.5,127343.4
all_to_all_dispatch,0,1,1421312,INTRA_NODE,INTRA_NODE,450.0,11955.3,17113.8,5158.5
all_to_all_dispatch,0,4,1339392,INTRA_NODE,INTRA_NODE,450.0,17113.8,22090.2,4976.4
all_to_all_dispatch,0,27,1286144,CROSS_POD,CROSS_POD,12.5,475283.5,590175.0,114891.5
all_to_all_dispatch,0,28,1277952,CROSS_POD,CROSS_POD,12.5,590175.0,704411.2,114236.2
all_to_all_dispatch,0,26,1257472,CROSS_POD,CROSS_POD,12.5,704411.2,817009.0,112597.8
all_to_all_dispatch,0,9,1249280,INTRA_POD,INTRA_POD,50.0,817009.0,846994.6,29985.6
all_to_all_dispatch,0,22,1245184,CROSS_POD,CROSS_POD,12.5,846994.6,958609.3,111614.7
all_to_all_dispatch,0,10,1241088,INTRA_POD,INTRA_POD,50.0,958609.3,988431.0,29821.8
all_to_all_dispatch,0,7,1187840,INTRA_NODE,INTRA_NODE,450.0,22090.2,26729.9,4639.6
all_to_all_dispatch,0,12,1122304,INTRA_POD,INTRA_POD,50.0,988431.0,1015877.1,27446.1
all_to_all_dispatch,0,6,1093632,INTRA_NODE,INTRA_NODE,450.0,26729.9,31160.2,4430.3
all_to_all_dispatch,0,23,1081344,CROSS_POD,CROSS_POD,12.5,1015877.1,1114384.6,98507.5
all_to_all_dispatch,0,31,1052672,CROSS_POD,CROSS_POD,12.5,1114384.6,1210598.4,96213.8
all_to_all_dispatch,0,13,1036288,INTRA_POD,INTRA_POD,50.0,1210598.4,1236324.2,25725.8
all_to_all_dispatch,0,19,1028096,CROSS_POD,CROSS_POD,12.5,1236324.2,1330571.8,94247.7
all_to_all_dispatch,0,15,999424,INTRA_POD,INTRA_POD,50.0,1330571.8,1355560.3,24988.5
all_to_all_dispatch,0,30,987136,CROSS_POD,CROSS_POD,12.5,1355560.3,1446531.2,90970.9
all_to_all_dispatch,0,16,974848,CROSS_POD,CROSS_POD,12.5,1446531.2,1536519.0,89987.8
all_to_all_dispatch,0,20,790528,CROSS_POD,CROSS_POD,12.5,1536519.0,1611761.3,75242.2
all_to_all_dispatch,0,2,487424,INTRA_NODE,INTRA_NODE,450.0,31160.2,34243.3,3083.2
all_to_all_dispatch,1,29,2605056,OCS,OPTICAL,50.0,60558.7,118659.8,58101.1
all_to_all_dispatch,1,11,1912832,INTRA_POD,INTRA_POD,50.0,150611.5,193868.2,43256.6
all_to_all_dispatch,1,24,1875968,OCS,OPTICAL,50.0,193868.2,237387.5,43519.4
all_to_all_dispatch,1,5,1798144,INTRA_NODE,INTRA_NODE,450.0,6114.2,12110.1,5995.9
all_to_all_dispatch,1,18,1789952,OCS,OPTICAL,50.0,237387.5,279186.6,41799.0
all_to_all_dispatch,1,21,1761280,OCS,OPTICAL,50.0,279186.6,320412.2,41225.6
all_to_all_dispatch,1,3,1695744,INTRA_NODE,INTRA_NODE,450.0,12110.1,17878.4,5768.3
all_to_all_dispatch,1,17,1642496,CROSS_POD,CROSS_POD,12.5,320412.2,463811.8,143399.7
all_to_all_dispatch,1,14,1630208,INTRA_POD,INTRA_POD,50.0,463811.8,501416.0,37604.2
all_to_all_dispatch,1,8,1462272,INTRA_POD,INTRA_POD,50.0,501416.0,535661.4,34245.4
all_to_all_dispatch,1,25,1425408,CROSS_POD,CROSS_POD,12.5,535661.4,661694.1,126032.6
all_to_all_dispatch,1,9,1355776,INTRA_POD,INTRA_POD,50.0,846994.6,879110.1,32115.5
all_to_all_dispatch,1,4,1306624,INTRA_NODE,INTRA_NODE,450.0,22090.2,26993.8,4903.6
all_to_all_dispatch,1,10,1294336,INTRA_POD,INTRA_POD,50.0,988431.0,1019317.8,30886.7
all_to_all_dispatch,1,26,1282048,CROSS_POD,CROSS_POD,12.5,1019317.8,1133881.6,114563.8
all_to_all_dispatch,1,28,1245184,CROSS_POD,CROSS_POD,12.5,1133881.6,1245496.3,111614.7
all_to_all_dispatch,1,27,1216512,CROSS_POD,CROSS_POD,12.5,1245496.3,1354817.3,109321.0
all_to_all_dispatch,1,22,1216512,CROSS_POD,CROSS_POD,12.5,1354817.3,1464138.2,109321.0
all_to_all_dispatch,1,7,1187840,INTRA_NODE,INTRA_NODE,450.0,26993.8,31633.5,4639.6
all_to_all_dispatch,1,13,1179648,INTRA_POD,INTRA_POD,50.0,1464138.2,1492731.2,28593.0
all_to_all_dispatch,1,12,1167360,INTRA_POD,INTRA_POD,50.0,1492731.2,1521078.4,28347.2
all_to_all_dispatch,1,15,1150976,INTRA_POD,INTRA_POD,50.0,1521078.4,1549097.9,28019.5
all_to_all_dispatch,1,16,1118208,CROSS_POD,CROSS_POD,12.5,1549097.9,1650554.6,101456.6
all_to_all_dispatch,1,19,1093632,CROSS_POD,CROSS_POD,12.5,1650554.6,1750045.1,99490.6
all_to_all_dispatch,1,23,1040384,CROSS_POD,CROSS_POD,12.5,1750045.1,1845275.8,95230.7
all_to_all_dispatch,1,6,1007616,INTRA_NODE,INTRA_NODE,450.0,31633.5,35872.6,4239.1
all_to_all_dispatch,1,31,958464,CROSS_POD,CROSS_POD,12.5,1845275.8,1933953.0,88677.1
all_to_all_dispatch,1,30,950272,CROSS_POD,CROSS_POD,12.5,1933953.0,2021974.7,88021.8
all_to_all_dispatch,1,20,778240,CROSS_POD,CROSS_POD,12.5,2021974.7,2096233.9,74259.2
all_to_all_dispatch,1,2,512000,INTRA_NODE,INTRA_NODE,450.0,35872.6,39010.4,3137.8
all_to_all_dispatch,2,29,2486272,OCS,OPTICAL,50.0,118659.8,174385.3,55725.4
all_to_all_dispatch,2,24,1925120,OCS,OPTICAL,50.0,237387.5,281889.9,44502.4
all_to_all_dispatch,2,11,1925120,INTRA_POD,INTRA_POD,50.0,281889.9,325392.3,43502.4
all_to_all_dispatch,2,5,1830912,INTRA_NODE,INTRA_NODE,450.0,12110.1,18178.8,6068.7
all_to_all_dispatch,2,18,1769472,OCS,OPTICAL,50.0,325392.3,366781.8,41389.4
all_to_all_dispatch,2,21,1732608,OCS,OPTICAL,50.0,366781.8,407433.9,40652.2
all_to_all_dispatch,2,3,1622016,INTRA_NODE,INTRA_NODE,450.0,18178.8,23783.3,5604.5
all_to_all_dispatch,2,14,1589248,INTRA_POD,INTRA_POD,50.0,501416.0,538201.0,36785.0
all_to_all_dispatch,2,17,1515520,CROSS_POD,CROSS_POD,12.5,538201.0,671442.6,133241.6
all_to_all_dispatch,2,8,1425408,INTRA_POD,INTRA_POD,50.0,671442.6,704950.7,33508.2
all_to_all_dispatch,2,25,1343488,CROSS_POD,CROSS_POD,12.5,704950.7,824429.8,119479.0
all_to_all_dispatch,2,9,1339392,INTRA_POD,INTRA_POD,50.0,879110.1,910897.9,31787.8
all_to_all_dispatch,2,10,1314816,INTRA_POD,INTRA_POD,50.0,1019317.8,1050614.1,31296.3
all_to_all_dispatch,2,4,1302528,INTRA_NODE,INTRA_NODE,450.0,26993.8,31888.4,4894.5
all_to_all_dispatch,2,28,1282048,CROSS_POD,CROSS_POD,12.5,1245496.3,1360060.2,114563.8
all_to_all_dispatch,2,27,1273856,CROSS_POD,CROSS_POD,12.5,1360060.2,1473968.6,113908.5
all_to_all_dispatch,2,13,1232896,INTRA_POD,INTRA_POD,50.0,1492731.2,1522389.1,29657.9
all_to_all_dispatch,2,22,1220608,CROSS_POD,CROSS_POD,12.5,1522389.1,1632037.8,109648.6
all_to_all_dispatch,2,26,1208320,CROSS_POD,CROSS_POD,12.5,1632037.8,1740703.4,108665.6
all_to_all_dispatch,2,12,1175552,INTRA_POD,INTRA_POD,50.0,1740703.4,1769214.4,28511.0
all_to_all_dispatch,2,7,1138688,INTRA_NODE,INTRA_NODE,450.0,31888.4,36418.8,4530.4
all_to_all_dispatch,2,16,1130496,CROSS_POD,CROSS_POD,12.5,1769214.4,1871654.1,102439.7
all_to_all_dispatch,2,15,1130496,INTRA_POD,INTRA_POD,50.0,1871654.1,1899264.0,27609.9
all_to_all_dispatch,2,23,1114112,CROSS_POD,CROSS_POD,12.5,1899264.0,2000393.0,101129.0
all_to_all_dispatch,2,19,1085440,CROSS_POD,CROSS_POD,12.5,2000393.0,2099228.2,98835.2
all_to_all_dispatch,2,31,1019904,CROSS_POD,CROSS_POD,12.5,2099228.2,2192820.5,93592.3
all_to_all_dispatch,2,30,987136,CROSS_POD,CROSS_POD,12.5,2192820.5,2283791.4,90970.9
all_to_all_dispatch,2,6,937984,INTRA_NODE,INTRA_NODE,450.0,36418.8,40503.2,4084.4
all_to_all_dispatch,2,20,864256,CROSS_POD,CROSS_POD,12.5,2283791.4,2364931.8,81140.5
all_to_all_dispatch,3,29,2314240,OCS,OPTICAL,50.0,174385.3,226670.1,52284.8
all_to_all_dispatch,3,24,1875968,OCS,OPTICAL,50.0,281889.9,325409.3,43519.4
all_to_all_dispatch,3,11,1781760,INTRA_POD,INTRA_POD,50.0,325409.3,366044.5,40635.2
all_to_all_dispatch,3,5,1687552,INTRA_NODE,INTRA_NODE,450.0,18178.8,23928.9,5750.1
all_to_all_dispatch,3,21,1646592,CROSS_POD,CROSS_POD,12.5,407433.9,551161.3,143727.4
all_to_all_dispatch,3,18,1646592,OCS,OPTICAL,50.0,551161.3,590093.1,38931.8
all_to_all_dispatch,3,14,1495040,INTRA_POD,INTRA_POD,50.0,590093.1,624993.9,34900.8
all_to_all_dispatch,3,17,1474560,CROSS_POD,CROSS_POD,12.5,671442.6,801407.4,129964.8
all_to_all_dispatch,3,8,1425408,INTRA_POD,INTRA_POD,50.0,801407.4,834915.5,33508.2
all_to_all_dispatch,3,28,1302528,CROSS_POD,CROSS_POD,12.5,1360060.2,1476262.4,116202.2
all_to_all_dispatch,3,25,1298432,CROSS_POD,CROSS_POD,12.5,1476262.4,1592137.0,115874.6
all_to_all_dispatch,3,27,1277952,CROSS_POD,CROSS_POD,12.5,1592137.0,1706373.1,114236.2
all_to_all_dispatch,3,9,1253376,INTRA_POD,INTRA_POD,50.0,1706373.1,1736440.6,30067.5
all_to_all_dispatch,3,22,1245184,CROSS_POD,CROSS_POD,12.5,1736440.6,1848055.4,111614.7
all_to_all_dispatch,3,4,1220608,INTRA_NODE,INTRA_NODE,450.0,31888.4,36600.8,4712.5
all_to_all_dispatch,3,10,1208320,INTRA_POD,INTRA_POD,50.0,1848055.4,1877221.8,29166.4
all_to_all_dispatch,3,26,1175552,CROSS_POD,CROSS_POD,12.5,1877221.8,1983265.9,106044.2
all_to_all_dispatch,3,12,1171456,INTRA_POD,INTRA_POD,50.0,1983265.9,2011695.0,28429.1
all_to_all_dispatch,3,13,1159168,INTRA_POD,INTRA_POD,50.0,2011695.0,2039878.4,28183.4
all_to_all_dispatch,3,15,1150976,INTRA_POD,INTRA_POD,50.0,2039878.4,2067897.9,28019.5
all_to_all_dispatch,3,16,1032192,CROSS_POD,CROSS_POD,12.5,2067897.9,2162473.3,94575.4
all_to_all_dispatch,3,19,1011712,CROSS_POD,CROSS_POD,12.5,2162473.3,2255410.2,92937.0
all_to_all_dispatch,3,7,1007616,INTRA_NODE,INTRA_NODE,450.0,36600.8,40840.0,4239.1
all_to_all_dispatch,3,23,1003520,CROSS_POD,CROSS_POD,12.5,2255410.2,2347691.8,92281.6
all_to_all_dispatch,3,6,983040,INTRA_NODE,INTRA_NODE,450.0,40840.0,45024.5,4184.5
all_to_all_dispatch,3,31,966656,CROSS_POD,CROSS_POD,12.5,2347691.8,2437024.3,89332.5
all_to_all_dispatch,3,30,913408,CROSS_POD,CROSS_POD,12.5,2437024.3,2522097.0,85072.6
all_to_all_dispatch,3,20,761856,CROSS_POD,CROSS_POD,12.5,2522097.0,2595045.4,72948.5
