t_ns,collective,label,n_active_flows,n_eps_flows,n_ocs_flows,core_bw_gbps,core_utilisation,core_queue_mb,ocs_bw_gbps,ocs_bytes_carried_mb,port_queue_mb_max,n_dark
33578.1,0,,124,56,8,50.0,1.0,68.1907,12.9032,0.4333,37.9548,0
35578.1,0,,123,56,8,50.0,1.0,68.0907,13.0108,0.4593,37.7158,0
37578.1,0,,123,56,8,50.0,1.0,67.9907,13.0108,0.4853,37.4769,0
39578.1,0,,123,56,8,50.0,1.0,67.8907,13.0108,0.5113,37.2379,0
41578.1,0,,123,56,8,50.0,1.0,67.7907,13.0108,0.5374,36.999,0
43578.1,0,,123,56,8,50.0,1.0,67.6907,13.0108,0.5634,36.76,0
45578.1,0,,123,56,8,50.0,1.0,67.5907,13.0108,0.5894,36.5211,0
47578.1,0,,123,56,8,50.0,1.0,67.4907,13.0108,0.6154,36.2821,0
49578.1,0,,123,56,8,50.0,1.0,67.3907,13.0108,0.6414,36.0432,0
51578.1,0,,123,56,8,50.0,1.0,67.2907,13.0108,0.6675,35.8042,0
53578.1,0,,123,56,8,50.0,1.0,67.1907,13.0108,0.6935,35.5653,0
55578.1,0,,123,56,8,50.0,1.0,67.0907,13.0108,0.7195,35.3263,0
57578.1,0,,123,56,8,50.0,1.0,66.9907,13.0108,0.7455,35.0873,0
59537.6,0,,123,56,8,50.0,1.0,66.8927,13.0108,0.771,34.8532,0
59578.1,0,,122,56,8,50.0,1.0,66.8907,13.1183,0.7715,34.8484,0
61578.1,0,,122,56,8,50.0,1.0,66.7907,13.1183,0.7978,34.6097,0
62923.7,0,,122,56,8,50.0,1.0,66.7234,13.1183,0.8154,34.449,0
63578.1,0,,121,56,8,50.0,1.0,66.6907,13.2258,0.8241,34.371,0
65578.1,0,,121,56,8,50.0,1.0,66.5907,13.2258,0.8505,34.1324,0
66473.5,0,,121,56,8,50.0,1.0,66.5459,13.2258,0.8624,34.0256,0
67578.1,0,,120,56,8,50.0,1.0,66.4907,13.3407,0.8771,33.894,0
69578.1,0,,120,56,8,50.0,1.0,66.3907,13.3407,0.9038,33.6557,0
71578.1,0,,120,56,8,50.0,1.0,66.2907,13.3407,0.9305,33.4174,0
73578.1,0,,120,56,8,50.0,1.0,66.1907,13.3407,0.9572,33.1791,0
73992.0,0,,120,56,8,50.0,1.0,66.17,13.3407,0.9627,33.1298,0
74283.2,0,,119,56,8,50.0,1.0,66.1554,13.4557,0.9666,33.0984,0
75578.1,0,,118,56,8,50.0,1.0,66.0907,13.5706,0.9842,32.9592,0
76131.0,0,,118,56,8,50.0,1.0,66.063,13.5706,0.9917,32.8997,0
77578.1,0,,117,56,8,50.0,1.0,65.9907,13.6938,1.0115,32.7443,0
79289.5,0,,117,56,8,50.0,1.0,65.9051,13.6938,1.0349,32.5604,0
79578.1,0,,116,56,8,50.0,1.0,65.8907,13.8013,1.0389,32.5295,0
79935.7,0,,116,56,8,50.0,1.0,65.8728,13.8013,1.0439,32.4911,0
80063.1,0,,115,56,8,50.0,1.0,65.8664,13.9245,1.0456,32.4774,0
80381.7,0,,114,56,8,50.0,1.0,65.8505,14.0476,1.0501,32.4472,0
81173.6,0,,113,56,8,50.0,1.0,65.8109,14.1626,1.0613,32.3722,0
81578.1,0,,112,56,8,50.0,1.0,65.7907,14.2857,1.0671,32.3339,0
82757.4,0,,112,56,8,50.0,1.0,65.7317,14.2857,1.0839,32.2223,0
83578.1,0,,111,56,8,50.0,1.0,65.6907,14.418,1.0958,32.1447,0
85578.1,0,,111,56,8,50.0,1.0,65.5907,14.418,1.1246,31.9556,0
86307.3,0,,111,56,8,50.0,1.0,65.5542,14.418,1.1351,31.8867,0
87536.1,0,,110,56,8,50.0,1.0,65.4928,14.5503,1.153,31.7707,0
87578.1,0,,109,56,8,50.0,1.0,65.4907,14.6927,1.1536,31.7667,0
87772.7,0,,109,56,8,50.0,1.0,65.4809,14.6927,1.1565,31.7484,0
88309.8,0,,108,56,8,50.0,1.0,65.4541,14.8466,1.1645,31.6978,0
89493.0,0,,107,56,8,50.0,1.0,65.3949,14.9788,1.1822,31.5865,0
89578.1,0,,106,56,8,50.0,1.0,65.3907,15.1111,1.1835,31.5796,0
91578.1,0,,106,56,8,50.0,1.0,65.2907,15.1111,1.2137,31.4181,0
91996.2,0,,106,56,8,50.0,1.0,65.2698,15.1111,1.22,31.3843,0
93578.1,0,,105,56,8,50.0,1.0,65.1907,15.2536,1.2441,31.2567,0
94408.2,0,,105,56,8,50.0,1.0,65.1492,15.2536,1.2568,31.1898,0
95578.1,0,,104,56,8,50.0,1.0,65.0907,15.396,1.2748,31.1121,0
97578.1,0,,104,56,8,50.0,1.0,64.9907,15.396,1.3056,30.9795,0
99578.1,0,,104,56,8,50.0,1.0,64.8907,15.396,1.3364,30.8468,0
100452.1,0,,104,56,8,50.0,1.0,64.847,15.396,1.3498,30.7888,0
101578.1,0,,103,56,8,50.0,1.0,64.7907,15.5385,1.3673,30.7143,0
103578.1,0,,103,56,8,50.0,1.0,64.6907,15.5385,1.3984,30.5818,0
105578.1,0,,103,56,8,50.0,1.0,64.5907,15.5385,1.4295,30.4494,0
107578.1,0,,103,56,8,50.0,1.0,64.4907,15.5385,1.4606,30.3169,0
107852.2,0,,103,56,8,50.0,1.0,64.477,15.5385,1.4648,30.2988,0
109578.1,0,,102,56,8,50.0,1.0,64.3907,15.6923,1.4919,30.1847,0
111578.1,0,,102,56,8,50.0,1.0,64.2907,15.6923,1.5233,30.0525,0
112157.6,0,,102,56,8,50.0,1.0,64.2617,15.6923,1.5324,30.0142,0
112995.0,0,,101,56,8,50.0,1.0,64.2198,15.8462,1.5457,29.9718,0
113578.1,0,,100,56,8,50.0,1.0,64.1907,16.0,1.555,29.9423,0
115043.0,0,,100,56,8,50.0,1.0,64.1174,16.0,1.5784,29.8684,0
115578.1,0,,99,56,8,50.0,1.0,64.0907,16.1667,1.5871,29.8414,0
117578.1,0,,99,56,8,50.0,1.0,63.9907,16.1667,1.6194,29.7407,0
118984.2,0,,99,56,8,50.0,1.0,63.9204,16.1667,1.6422,29.6698,0
119578.1,0,,98,56,8,50.0,1.0,63.8907,16.3333,1.6519,29.6499,0
121578.1,0,,98,56,8,50.0,1.0,63.7907,16.3333,1.6845,29.5827,0
123553.6,0,,98,56,8,50.0,1.0,63.6919,16.3333,1.7168,29.5164,0
123578.1,0,,97,56,8,50.0,1.0,63.6907,16.5,1.7172,29.5155,0
125578.1,0,,97,56,8,50.0,1.0,63.5907,16.5,1.7502,29.4486,0
127578.1,0,,97,56,8,50.0,1.0,63.4907,16.5,1.7832,29.3817,0
129578.1,0,,97,56,8,50.0,1.0,63.3907,16.5,1.8162,29.3148,0
131578.1,0,,97,56,8,50.0,1.0,63.2907,16.5,1.8492,29.2479,0
133578.1,0,,97,56,8,50.0,1.0,63.1907,16.5,1.8822,29.1809,0
135578.1,0,,97,56,8,50.0,1.0,63.0907,16.5,1.9152,29.114,0
137578.1,0,,97,56,8,50.0,1.0,62.9907,16.5,1.9482,29.0471,0
139578.1,0,,97,56,8,50.0,1.0,62.8907,16.5,1.9812,28.9802,0
141578.1,0,,97,56,8,50.0,1.0,62.7907,16.5,2.0142,28.9133,0
143578.1,0,,97,56,8,50.0,1.0,62.6907,16.5,2.0472,28.8463,0
143979.0,0,,97,56,8,50.0,1.0,62.6706,16.5,2.0538,28.8329,0
145578.1,0,,96,56,8,50.0,1.0,62.5907,16.6667,2.0805,28.7796,0
147578.1,0,,96,56,8,50.0,1.0,62.4907,16.6667,2.1138,28.713,0
149578.1,0,,96,56,8,50.0,1.0,62.3907,16.6667,2.1471,28.6463,0
151578.1,0,,96,56,8,50.0,1.0,62.2907,16.6667,2.1805,28.5796,0
153578.1,0,,96,56,8,50.0,1.0,62.1907,16.6667,2.2138,28.513,0
155578.1,0,,96,56,8,50.0,1.0,62.0907,16.6667,2.2471,28.4463,0
157578.1,0,,96,56,8,50.0,1.0,61.9907,16.6667,2.2805,28.3796,0
159578.1,0,,96,56,8,50.0,1.0,61.8907,16.6667,2.3138,28.313,0
161578.1,0,,96,56,8,50.0,1.0,61.7907,16.6667,2.3471,28.2463,0
163578.1,0,,96,56,8,50.0,1.0,61.6907,16.6667,2.3805,28.1796,0
165578.1,0,,96,56,8,50.0,1.0,61.5907,16.6667,2.4138,28.113,0
167578.1,0,,96,56,8,50.0,1.0,61.4907,16.6667,2.4471,28.0463,0
169578.1,0,,96,56,8,50.0,1.0,61.3907,16.6667,2.4805,27.9796,0
171578.1,0,,96,56,8,50.0,1.0,61.2907,16.6667,2.5138,27.913,0
173578.1,0,,96,56,8,50.0,1.0,61.1907,16.6667,2.5471,27.8463,0
175578.1,0,,96,56,8,50.0,1.0,61.0907,16.6667,2.5805,27.7796,0
177578.1,0,,96,56,8,50.0,1.0,60.9907,16.6667,2.6138,27.713,0
179578.1,0,,96,56,8,50.0,1.0,60.8907,16.6667,2.6471,27.6463,0
181578.1,0,,96,56,8,50.0,1.0,60.7907,16.6667,2.6805,27.5796,0
183578.1,0,,96,56,8,50.0,1.0,60.6907,16.6667,2.7138,27.513,0
185578.1,0,,96,56,8,50.0,1.0,60.5907,16.6667,2.7471,27.4463,0
187578.1,0,,96,56,8,50.0,1.0,60.4907,16.6667,2.7805,27.3796,0
189578.1,0,,96,56,8,50.0,1.0,60.3907,16.6667,2.8138,27.313,0
191578.1,0,,96,56,8,50.0,1.0,60.2907,16.6667,2.8471,27.2463,0
193578.1,0,,96,56,8,50.0,1.0,60.1907,16.6667,2.8805,27.1796,0
195578.1,0,,96,56,8,50.0,1.0,60.0907,16.6667,2.9138,27.113,0
197578.1,0,,96,56,8,50.0,1.0,59.9907,16.6667,2.9471,27.0463,0
199578.1,0,,96,56,8,50.0,1.0,59.8907,16.6667,2.9805,26.9796,0
201578.1,0,,96,56,8,50.0,1.0,59.7907,16.6667,3.0138,26.913,0
203578.1,0,,96,56,8,50.0,1.0,59.6907,16.6667,3.0471,26.8463,0
205578.1,0,,96,56,8,50.0,1.0,59.5907,16.6667,3.0805,26.7796,0
207578.1,0,,96,56,8,50.0,1.0,59.4907,16.6667,3.1138,26.713,0
209578.1,0,,96,56,8,50.0,1.0,59.3907,16.6667,3.1471,26.6463,0
211578.1,0,,96,56,8,50.0,1.0,59.2907,16.6667,3.1805,26.5796,0
213578.1,0,,96,56,8,50.0,1.0,59.1907,16.6667,3.2138,26.513,0
215578.1,0,,96,56,8,50.0,1.0,59.0907,16.6667,3.2471,26.4463,0
217578.1,0,,96,56,8,50.0,1.0,58.9907,16.6667,3.2805,26.3796,0
219578.1,0,,96,56,8,50.0,1.0,58.8907,16.6667,3.3138,26.313,0
221578.1,0,,96,56,8,50.0,1.0,58.7907,16.6667,3.3471,26.2463,0
223578.1,0,,96,56,8,50.0,1.0,58.6907,16.6667,3.3805,26.1796,0
225578.1,0,,96,56,8,50.0,1.0,58.5907,16.6667,3.4138,26.113,0
227578.1,0,,96,56,8,50.0,1.0,58.4907,16.6667,3.4471,26.0463,0
229578.1,0,,96,56,8,50.0,1.0,58.3907,16.6667,3.4805,25.9796,0
231578.1,0,,96,56,8,50.0,1.0,58.2907,16.6667,3.5138,25.913,0
233578.1,0,,96,56,8,50.0,1.0,58.1907,16.6667,3.5471,25.8463,0
235578.1,0,,96,56,8,50.0,1.0,58.0907,16.6667,3.5805,25.7796,0
237578.1,0,,96,56,8,50.0,1.0,57.9907,16.6667,3.6138,25.713,0
239578.1,0,,96,56,8,50.0,1.0,57.8907,16.6667,3.6471,25.6463,0
241578.1,0,,96,56,8,50.0,1.0,57.7907,16.6667,3.6805,25.5796,0
243578.1,0,,96,56,8,50.0,1.0,57.6907,16.6667,3.7138,25.513,0
245578.1,0,,96,56,8,50.0,1.0,57.5907,16.6667,3.7471,25.4463,0
247578.1,0,,96,56,8,50.0,1.0,57.4907,16.6667,3.7805,25.3796,0
249578.1,0,,96,56,8,50.0,1.0,57.3907,16.6667,3.8138,25.313,0
251578.1,0,,96,56,8,50.0,1.0,57.2907,16.6667,3.8471,25.2463,0
253578.1,0,,96,56,8,50.0,1.0,57.1907,16.6667,3.8805,25.1796,0
255578.1,0,,96,56,8,50.0,1.0,57.0907,16.6667,3.9138,25.113,0
257578.1,0,,96,56,8,50.0,1.0,56.9907,16.6667,3.9471,25.0463,0
259578.1,0,,96,56,8,50.0,1.0,56.8907,16.6667,3.9805,24.9796,0
261578.1,0,,96,56,8,50.0,1.0,56.7907,16.6667,4.0138,24.913,0
263578.1,0,,96,56,8,50.0,1.0,56.6907,16.6667,4.0471,24.8463,0
265578.1,0,,96,56,8,50.0,1.0,56.5907,16.6667,4.0805,24.7796,0
267295.9,0,,96,56,8,50.0,1.0,56.5048,16.6667,4.1091,24.7224,0
267578.1,0,,95,56,8,50.0,1.0,56.4907,16.8478,4.1138,24.713,0
269578.1,0,,95,56,8,50.0,1.0,56.3907,16.8478,4.1475,24.6466,0
271578.1,0,,95,56,8,50.0,1.0,56.2907,16.8478,4.1812,24.5802,0
273578.1,0,,95,56,8,50.0,1.0,56.1907,16.8478,4.2149,24.5138,0
275578.1,0,,95,56,8,50.0,1.0,56.0907,16.8478,4.2486,24.4474,0
277578.1,0,,95,56,8,50.0,1.0,55.9907,16.8478,4.2823,24.381,0
279578.1,0,,95,56,8,50.0,1.0,55.8907,16.8478,4.316,24.3146,0
281578.1,0,,95,56,8,50.0,1.0,55.7907,16.8478,4.3497,24.2482,0
283578.1,0,,95,56,8,50.0,1.0,55.6907,16.8478,4.3834,24.1818,0
285578.1,0,,95,56,8,50.0,1.0,55.5907,16.8478,4.4171,24.1154,0
287578.1,0,,95,56,8,50.0,1.0,55.4907,16.8478,4.4508,24.049,0
289578.1,0,,95,56,8,50.0,1.0,55.3907,16.8478,4.4845,23.9826,0
291578.1,0,,95,56,8,50.0,1.0,55.2907,16.8478,4.5182,23.9162,0
293578.1,0,,95,56,8,50.0,1.0,55.1907,16.8478,4.5519,23.8498,0
295578.1,0,,95,56,8,50.0,1.0,55.0907,16.8478,4.5856,23.7834,0
297578.1,0,,95,56,8,50.0,1.0,54.9907,16.8478,4.6193,23.717,0
299578.1,0,,95,56,8,50.0,1.0,54.8907,16.8478,4.653,23.6506,0
301578.1,0,,95,56,8,50.0,1.0,54.7907,16.8478,4.6867,23.5842,0
303578.1,0,,95,56,8,50.0,1.0,54.6907,16.8478,4.7204,23.5178,0
305578.1,0,,95,56,8,50.0,1.0,54.5907,16.8478,4.7541,23.4514,0
307578.1,0,,95,56,8,50.0,1.0,54.4907,16.8478,4.7878,23.385,0
309578.1,0,,95,56,8,50.0,1.0,54.3907,16.8478,4.8214,23.3186,0
311578.1,0,,95,56,8,50.0,1.0,54.2907,16.8478,4.8551,23.2522,0
313578.1,0,,95,56,8,50.0,1.0,54.1907,16.8478,4.8888,23.1859,0
315578.1,0,,95,56,8,50.0,1.0,54.0907,16.8478,4.9225,23.1195,0
317578.1,0,,95,56,8,50.0,1.0,53.9907,16.8478,4.9562,23.0531,0
319578.1,0,,95,56,8,50.0,1.0,53.8907,16.8478,4.9899,22.9867,0
321578.1,0,,95,56,8,50.0,1.0,53.7907,16.8478,5.0236,22.9203,0
323578.1,0,,95,56,8,50.0,1.0,53.6907,16.8478,5.0573,22.8539,0
325578.1,0,,95,56,8,50.0,1.0,53.5907,16.8478,5.091,22.7875,0
325704.8,0,,95,56,8,50.0,1.0,53.5843,16.8478,5.0931,22.7833,0
327578.1,0,,94,56,8,50.0,1.0,53.4907,17.0455,5.1251,22.7213,0
329578.1,0,,94,56,8,50.0,1.0,53.3907,17.0455,5.1592,22.6552,0
331578.1,0,,94,56,8,50.0,1.0,53.2907,17.0455,5.1933,22.5891,0
333578.1,0,,94,56,8,50.0,1.0,53.1907,17.0455,5.2274,22.523,0
335578.1,0,,94,56,8,50.0,1.0,53.0907,17.0455,5.2614,22.4569,0
337578.1,0,,94,56,8,50.0,1.0,52.9907,17.0455,5.2955,22.3908,0
339578.1,0,,94,56,8,50.0,1.0,52.8907,17.0455,5.3296,22.3247,0
341578.1,0,,94,56,8,50.0,1.0,52.7907,17.0455,5.3637,22.2586,0
343578.1,0,,94,56,8,50.0,1.0,52.6907,17.0455,5.3978,22.1924,0
345578.1,0,,94,56,8,50.0,1.0,52.5907,17.0455,5.4319,22.1263,0
347578.1,0,,94,56,8,50.0,1.0,52.4907,17.0455,5.466,22.0602,0
349578.1,0,,94,56,8,50.0,1.0,52.3907,17.0455,5.5001,21.9941,0
350854.3,0,,94,56,8,50.0,1.0,52.3269,17.0455,5.5218,21.9519,0
351578.1,0,,93,56,7,50.0,1.0,52.2907,15.0527,4.8446,21.9281,0
353578.1,0,,93,56,7,50.0,1.0,52.1907,15.0527,4.8747,21.8622,0
355578.1,0,,93,56,7,50.0,1.0,52.0907,15.0527,4.9048,21.7964,0
357578.1,0,,93,56,7,50.0,1.0,51.9907,15.0527,4.9349,21.7305,0
359578.1,0,,93,56,7,50.0,1.0,51.8907,15.0527,4.965,21.6647,0
361578.1,0,,93,56,7,50.0,1.0,51.7907,15.0527,4.9951,21.5988,0
363578.1,0,,93,56,7,50.0,1.0,51.6907,15.0527,5.0252,21.533,0
365578.1,0,,93,56,7,50.0,1.0,51.5907,15.0527,5.0553,21.4671,0
367578.1,0,,93,56,7,50.0,1.0,51.4907,15.0527,5.0854,21.4013,0
369578.1,0,,93,56,7,50.0,1.0,51.3907,15.0527,5.1155,21.3354,0
371578.1,0,,93,56,7,50.0,1.0,51.2907,15.0527,5.1457,21.2696,0
373578.1,0,,93,56,7,50.0,1.0,51.1907,15.0527,5.1758,21.2037,0
375578.1,0,,93,56,7,50.0,1.0,51.0907,15.0527,5.2059,21.1378,0
377578.1,0,,93,56,7,50.0,1.0,50.9907,15.0527,5.236,21.072,0
379578.1,0,,93,56,7,50.0,1.0,50.8907,15.0527,5.2661,21.0061,0
381578.1,0,,93,56,7,50.0,1.0,50.7907,15.0527,5.2962,20.9403,0
383578.1,0,,93,56,7,50.0,1.0,50.6907,15.0527,5.3263,20.8744,0
384769.1,0,,93,56,7,50.0,1.0,50.6311,15.0527,5.3442,20.8352,0
385578.1,0,,92,56,7,50.0,1.0,50.5907,15.1515,5.3565,20.8087,0
387578.1,0,,92,56,7,50.0,1.0,50.4907,15.1515,5.3868,20.7431,0
389578.1,0,,92,56,7,50.0,1.0,50.3907,15.1515,5.4171,20.6775,0
391578.1,0,,92,56,7,50.0,1.0,50.2907,15.1515,5.4474,20.6119,0
393578.1,0,,92,56,7,50.0,1.0,50.1907,15.1515,5.4777,20.5464,0
395578.1,0,,92,56,7,50.0,1.0,50.0907,15.1515,5.508,20.4808,0
397578.1,0,,92,56,7,50.0,1.0,49.9907,15.1515,5.5383,20.4152,0
399578.1,0,,92,56,7,50.0,1.0,49.8907,15.1515,5.5686,20.3496,0
401578.1,0,,92,56,7,50.0,1.0,49.7907,15.1515,5.5989,20.284,0
403578.1,0,,92,56,7,50.0,1.0,49.6907,15.1515,5.6292,20.2185,0
405578.1,0,,92,56,7,50.0,1.0,49.5907,15.1515,5.6595,20.1529,0
407578.1,0,,92,56,7,50.0,1.0,49.4907,15.1515,5.6898,20.0873,0
409578.1,0,,92,56,7,50.0,1.0,49.3907,15.1515,5.7201,20.0217,0
411578.1,0,,92,56,7,50.0,1.0,49.2907,15.1515,5.7504,19.9562,0
413578.1,0,,92,56,7,50.0,1.0,49.1907,15.1515,5.7807,19.8906,0
415578.1,0,,92,56,7,50.0,1.0,49.0907,15.1515,5.811,19.825,0
417578.1,0,,92,56,7,50.0,1.0,48.9907,15.1515,5.8413,19.7594,0
419578.1,0,,92,56,7,50.0,1.0,48.8907,15.1515,5.8716,19.6938,0
421578.1,0,,92,56,7,50.0,1.0,48.7907,15.1515,5.9019,19.6283,0
423578.1,0,,92,56,7,50.0,1.0,48.6907,15.1515,5.9322,19.5627,0
425578.1,0,,92,56,7,50.0,1.0,48.5907,15.1515,5.9625,19.4971,0
427578.1,0,,92,56,7,50.0,1.0,48.4907,15.1515,5.9928,19.4315,0
429578.1,0,,92,56,7,50.0,1.0,48.3907,15.1515,6.0231,19.3659,0
431578.1,0,,92,56,7,50.0,1.0,48.2907,15.1515,6.0534,19.3004,0
433578.1,0,,92,56,7,50.0,1.0,48.1907,15.1515,6.0837,19.2348,0
435578.1,0,,92,56,7,50.0,1.0,48.0907,15.1515,6.114,19.1692,0
437578.1,0,,92,56,7,50.0,1.0,47.9907,15.1515,6.1444,19.1036,0
439578.1,0,,92,56,7,50.0,1.0,47.8907,15.1515,6.1747,19.038,0
441578.1,0,,92,56,7,50.0,1.0,47.7907,15.1515,6.205,18.9725,0
443578.1,0,,92,56,7,50.0,1.0,47.6907,15.1515,6.2353,18.9069,0
445578.1,0,,92,56,7,50.0,1.0,47.5907,15.1515,6.2656,18.8413,0
447578.1,0,,92,56,7,50.0,1.0,47.4907,15.1515,6.2959,18.7757,0
449578.1,0,,92,56,7,50.0,1.0,47.3907,15.1515,6.3262,18.7101,0
451578.1,0,,92,56,7,50.0,1.0,47.2907,15.1515,6.3565,18.6446,0
453578.1,0,,92,56,7,50.0,1.0,47.1907,15.1515,6.3868,18.579,0
455578.1,0,,92,56,7,50.0,1.0,47.0907,15.1515,6.4171,18.5134,0
457578.1,0,,92,56,7,50.0,1.0,46.9907,15.1515,6.4474,18.4478,0
459578.1,0,,92,56,7,50.0,1.0,46.8907,15.1515,6.4777,18.3822,0
461578.1,0,,92,56,7,50.0,1.0,46.7907,15.1515,6.508,18.3167,0
463578.1,0,,92,56,7,50.0,1.0,46.6907,15.1515,6.5383,18.2511,0
465578.1,0,,92,56,7,50.0,1.0,46.5907,15.1515,6.5686,18.1855,0
467578.1,0,,92,56,7,50.0,1.0,46.4907,15.1515,6.5989,18.1199,0
469578.1,0,,92,56,7,50.0,1.0,46.3907,15.1515,6.6292,18.0543,0
471578.1,0,,92,56,7,50.0,1.0,46.2907,15.1515,6.6595,17.9888,0
473578.1,0,,92,56,7,50.0,1.0,46.1907,15.1515,6.6898,17.9232,0
475578.1,0,,92,56,7,50.0,1.0,46.0907,15.1515,6.7201,17.8576,0
477578.1,0,,92,56,7,50.0,1.0,45.9907,15.1515,6.7504,17.792,0
479578.1,0,,92,56,7,50.0,1.0,45.8907,15.1515,6.7807,17.7264,0
481578.1,0,,92,56,7,50.0,1.0,45.7907,15.1515,6.811,17.6609,0
483578.1,0,,92,56,7,50.0,1.0,45.6907,15.1515,6.8413,17.5953,0
485578.1,0,,92,56,7,50.0,1.0,45.5907,15.1515,6.8716,17.5297,0
487578.1,0,,92,56,7,50.0,1.0,45.4907,15.1515,6.9019,17.4641,0
487906.4,0,,92,56,7,50.0,1.0,45.4742,15.1515,6.9069,17.4534,0
489578.1,0,,91,56,7,50.0,1.0,45.3907,15.368,6.9326,17.3988,0
491101.3,0,,91,56,7,50.0,1.0,45.3145,15.368,6.956,17.3491,0
491578.1,0,,90,56,7,50.0,1.0,45.2907,15.4762,6.9634,17.3336,0
493578.1,0,,90,56,7,50.0,1.0,45.1907,15.4762,6.9943,17.2686,0
494496.4,0,,90,56,7,50.0,1.0,45.1447,15.4762,7.0085,17.2387,0
494541.9,0,,89,56,7,50.0,1.0,45.1425,15.6573,7.0093,17.2373,0
495578.1,0,,88,56,7,50.0,1.0,45.0907,15.7764,7.0256,17.2039,0
497578.1,0,,88,56,7,50.0,1.0,44.9907,15.7764,7.0572,17.1394,0
499578.1,0,,88,56,7,50.0,1.0,44.8907,15.7764,7.0887,17.0749,0
499966.9,0,,88,56,7,50.0,1.0,44.8712,15.7764,7.0948,17.0624,0
501578.1,0,,87,56,7,50.0,1.0,44.7907,15.9576,7.1206,17.0119,0
502733.9,0,,87,56,7,50.0,1.0,44.7329,15.9576,7.139,16.9757,0
503578.1,0,,86,56,7,50.0,1.0,44.6907,16.0891,7.1526,16.9493,0
505578.1,0,,86,56,7,50.0,1.0,44.5907,16.0891,7.1848,16.887,0
507578.1,0,,86,56,7,50.0,1.0,44.4907,16.0891,7.2169,16.8246,0
509569.7,0,,86,56,7,50.0,1.0,44.3911,16.0891,7.249,16.7625,0
509578.1,0,,85,56,7,50.0,1.0,44.3907,16.2868,7.2491,16.7623,0
511578.1,0,,85,56,7,50.0,1.0,44.2907,16.2868,7.2817,16.7002,0
513578.1,0,,85,56,7,50.0,1.0,44.1907,16.2868,7.3143,16.6381,0
515578.1,0,,85,56,7,50.0,1.0,44.0907,16.2868,7.3468,16.5759,0
516924.3,0,,85,56,7,50.0,1.0,44.0234,16.2868,7.3688,16.5341,0
517578.1,0,,84,56,7,50.0,1.0,43.9907,16.4844,7.3795,16.5145,0
519578.1,0,,84,56,7,50.0,1.0,43.8907,16.4844,7.4125,16.4543,0
521578.1,0,,84,56,7,50.0,1.0,43.7907,16.4844,7.4455,16.3942,0
523578.1,0,,84,56,7,50.0,1.0,43.6907,16.4844,7.4784,16.334,0
525578.1,0,,84,56,7,50.0,1.0,43.5907,16.4844,7.5114,16.2739,0
527578.1,0,,84,56,7,50.0,1.0,43.4907,16.4844,7.5444,16.2138,0
529578.1,0,,84,56,7,50.0,1.0,43.3907,16.4844,7.5774,16.1536,0
531578.1,0,,84,56,7,50.0,1.0,43.2907,16.4844,7.6103,16.0935,0
533578.1,0,,84,56,7,50.0,1.0,43.1907,16.4844,7.6433,16.0333,0
535578.1,0,,84,56,7,50.0,1.0,43.0907,16.4844,7.6763,15.9732,0
537578.1,0,,84,56,7,50.0,1.0,42.9907,16.4844,7.7092,15.9131,0
539578.1,0,,84,56,7,50.0,1.0,42.8907,16.4844,7.7422,15.8529,0
541578.1,0,,84,56,7,50.0,1.0,42.7907,16.4844,7.7752,15.7928,0
543578.1,0,,84,56,7,50.0,1.0,42.6907,16.4844,7.8081,15.7326,0
545578.1,0,,84,56,7,50.0,1.0,42.5907,16.4844,7.8411,15.6725,0
547578.1,0,,84,56,7,50.0,1.0,42.4907,16.4844,7.8741,15.6123,0
549578.1,0,,84,56,7,50.0,1.0,42.3907,16.4844,7.907,15.5522,0
551578.1,0,,84,56,7,50.0,1.0,42.2907,16.4844,7.94,15.4921,0
553578.1,0,,84,56,7,50.0,1.0,42.1907,16.4844,7.973,15.4319,0
554771.3,0,,84,56,7,50.0,1.0,42.131,16.4844,7.9926,15.396,0
555578.1,0,,83,56,7,50.0,1.0,42.0907,16.7008,8.0061,15.3727,0
557578.1,0,,83,56,7,50.0,1.0,41.9907,16.7008,8.0395,15.3147,0
559578.1,0,,83,56,7,50.0,1.0,41.8907,16.7008,8.0729,15.2567,0
561578.1,0,,83,56,7,50.0,1.0,41.7907,16.7008,8.1063,15.1988,0
563578.1,0,,83,56,7,50.0,1.0,41.6907,16.7008,8.1397,15.1408,0
563600.5,0,,83,56,7,50.0,1.0,41.6895,16.7008,8.1401,15.1401,0
565578.1,0,,82,56,7,50.0,1.0,41.5907,16.9389,8.1736,15.0831,0
567578.1,0,,82,56,7,50.0,1.0,41.4907,16.9389,8.2075,15.0255,0
569578.1,0,,82,56,7,50.0,1.0,41.3907,16.9389,8.2414,14.9678,0
571578.1,0,,82,56,7,50.0,1.0,41.2907,16.9389,8.2752,14.9101,0
573578.1,0,,82,56,7,50.0,1.0,41.1907,16.9389,8.3091,14.8525,0
575578.1,0,,82,56,7,50.0,1.0,41.0907,16.9389,8.343,14.7948,0
577578.1,0,,82,56,7,50.0,1.0,40.9907,16.9389,8.3769,14.7371,0
579578.1,0,,82,56,7,50.0,1.0,40.8907,16.9389,8.4107,14.6795,0
581578.1,0,,82,56,7,50.0,1.0,40.7907,16.9389,8.4446,14.6218,0
583578.1,0,,82,56,7,50.0,1.0,40.6907,16.9389,8.4785,14.5641,0
583670.9,0,,82,56,7,50.0,1.0,40.686,16.9389,8.4801,14.5615,0
585578.1,0,,81,56,7,50.0,1.0,40.5907,17.0851,8.5127,14.5068,0
587578.1,0,,81,56,7,50.0,1.0,40.4907,17.0851,8.5468,14.4495,0
589578.1,0,,81,56,7,50.0,1.0,40.3907,17.0851,8.581,14.3922,0
591578.1,0,,81,56,7,50.0,1.0,40.2907,17.0851,8.6152,14.3349,0
591800.0,0,,81,56,7,50.0,1.0,40.2796,17.0851,8.619,14.3285,0
592472.7,0,,80,55,7,50.0,1.0,40.2459,17.2485,8.6306,14.3092,0
593578.1,0,,79,55,7,50.0,1.0,40.1907,17.465,8.6499,14.2776,0
595578.1,0,,79,55,7,50.0,1.0,40.0907,17.465,8.6848,14.2205,0
597578.1,0,,79,55,7,50.0,1.0,39.9907,17.465,8.7197,14.1633,0
599578.1,0,,79,55,7,50.0,1.0,39.8907,17.465,8.7547,14.1062,0
600420.4,0,,79,55,7,50.0,1.0,39.8485,17.465,8.7694,14.0821,0
601578.1,0,,78,54,7,50.0,1.0,39.7907,17.7031,8.7899,14.0489,0
603578.1,0,,78,54,7,50.0,1.0,39.6907,17.7031,8.8253,13.9916,0
604660.6,0,,78,54,7,50.0,1.0,39.6365,17.7031,8.8444,13.9606,0
605578.1,0,,77,54,7,50.0,1.0,39.5907,17.9412,8.8609,13.9354,0
607578.1,0,,77,54,7,50.0,1.0,39.4907,17.9412,8.8968,13.8806,0
607937.4,0,,77,54,7,50.0,1.0,39.4727,17.9412,8.9032,13.8707,0
609578.1,0,,76,54,7,50.0,1.0,39.3907,18.2043,8.9331,13.8279,0
611114.1,0,,76,54,7,50.0,1.0,39.3139,18.2043,8.9611,13.7879,0
611578.1,0,,75,54,7,50.0,1.0,39.2907,18.4675,8.9696,13.7758,0
613578.1,0,,75,54,7,50.0,1.0,39.1907,18.4675,9.0066,13.724,0
615578.1,0,,75,54,7,50.0,1.0,39.0907,18.4675,9.0435,13.6722,0
617578.1,0,,75,54,7,50.0,1.0,38.9907,18.4675,9.0804,13.6203,0
619065.6,0,,75,54,7,50.0,1.0,38.9163,18.4675,9.1079,13.5818,0
619578.1,0,,74,54,7,50.0,1.0,38.8907,18.7307,9.1175,13.5686,0
621578.1,0,,74,54,7,50.0,1.0,38.7907,18.7307,9.155,13.5171,0
622178.6,0,,74,54,7,50.0,1.0,38.7606,18.7307,9.1662,13.5016,0
623578.1,0,,73,54,7,50.0,1.0,38.6907,19.023,9.1928,13.4658,0
625578.1,0,,73,54,7,50.0,1.0,38.5907,19.023,9.2309,13.4146,0
627578.1,0,,73,54,7,50.0,1.0,38.4907,19.023,9.2689,13.3634,0
629578.1,0,,73,54,7,50.0,1.0,38.3907,19.023,9.307,13.3122,0
631578.1,0,,73,54,7,50.0,1.0,38.2907,19.023,9.345,13.261,0
633578.1,0,,73,54,7,50.0,1.0,38.1907,19.023,9.3831,13.2098,0
635578.1,0,,73,54,7,50.0,1.0,38.0907,19.023,9.4211,13.1585,0
637578.1,0,,73,54,7,50.0,1.0,37.9907,19.023,9.4592,13.1073,0
639578.1,0,,73,54,7,50.0,1.0,37.8907,19.023,9.4972,13.0561,0
641578.1,0,,73,54,7,50.0,1.0,37.7907,19.023,9.5352,13.0049,0
643578.1,0,,73,54,7,50.0,1.0,37.6907,19.023,9.5733,12.9537,0
644297.0,0,,73,54,7,50.0,1.0,37.6547,19.023,9.587,12.9353,0
645398.7,0,,72,54,7,50.0,1.0,37.5996,19.3498,9.6083,12.9073,0
645578.1,0,,71,54,6,50.0,1.0,37.5907,16.4087,8.1858,12.9028,0
647578.1,0,,71,54,6,50.0,1.0,37.4907,16.4087,8.2186,12.8523,0
649578.1,0,,71,54,6,50.0,1.0,37.3907,16.4087,8.2515,12.8019,0
651578.1,0,,71,54,6,50.0,1.0,37.2907,16.4087,8.2843,12.7514,0
653578.1,0,,71,54,6,50.0,1.0,37.1907,16.4087,8.3171,12.7009,0
655578.1,0,,71,54,6,50.0,1.0,37.0907,16.4087,8.3499,12.6504,0
657578.1,0,,71,54,6,50.0,1.0,36.9907,16.4087,8.3827,12.6,0
659578.1,0,,71,54,6,50.0,1.0,36.8907,16.4087,8.4155,12.5495,0
661127.3,0,,71,54,6,50.0,1.0,36.8132,16.4087,8.441,12.5104,0
661578.1,0,,70,54,6,50.0,1.0,36.7907,16.4087,8.4484,12.4991,0
663578.1,0,,70,54,6,50.0,1.0,36.6907,16.4087,8.4812,12.4491,0
665578.1,0,,70,54,6,50.0,1.0,36.5907,16.4087,8.514,12.399,0
667578.1,0,,70,54,6,50.0,1.0,36.4907,16.4087,8.5468,12.349,0
669578.1,0,,70,54,6,50.0,1.0,36.3907,16.4087,8.5796,12.299,0
671578.1,0,,70,54,6,50.0,1.0,36.2907,16.4087,8.6124,12.2489,0
673578.1,0,,70,54,6,50.0,1.0,36.1907,16.4087,8.6453,12.1989,0
675578.1,0,,70,54,6,50.0,1.0,36.0907,16.4087,8.6781,12.1488,0
677578.1,0,,70,54,6,50.0,1.0,35.9907,16.4087,8.7109,12.0988,0
679578.1,0,,70,54,6,50.0,1.0,35.8907,16.4087,8.7437,12.0487,0
681578.1,0,,70,54,6,50.0,1.0,35.7907,16.4087,8.7765,11.9987,0
683578.1,0,,70,54,6,50.0,1.0,35.6907,16.4087,8.8093,11.9486,0
685578.1,0,,70,54,6,50.0,1.0,35.5907,16.4087,8.8422,11.8986,0
687381.6,0,,70,54,6,50.0,1.0,35.5005,16.4087,8.8718,11.8535,0
687578.1,0,,69,54,6,50.0,1.0,35.4907,16.7011,8.875,11.8486,0
688874.4,0,,69,54,6,50.0,1.0,35.4258,16.7011,8.8967,11.8163,0
689578.1,0,,68,54,6,50.0,1.0,35.3907,16.9935,8.9086,11.7999,0
691578.1,0,,68,54,6,50.0,1.0,35.2907,16.9935,8.9426,11.7533,0
693578.1,0,,68,54,6,50.0,1.0,35.1907,16.9935,8.9766,11.7067,0
695578.1,0,,68,54,6,50.0,1.0,35.0907,16.9935,9.0106,11.66,0
697578.1,0,,68,54,6,50.0,1.0,34.9907,16.9935,9.0446,11.6134,0
699578.1,0,,68,54,6,50.0,1.0,34.8907,16.9935,9.0786,11.5668,0
701578.1,0,,68,54,6,50.0,1.0,34.7907,16.9935,9.1126,11.5202,0
703578.1,0,,68,54,6,50.0,1.0,34.6907,16.9935,9.1466,11.4735,0
705578.1,0,,68,54,6,50.0,1.0,34.5907,16.9935,9.1805,11.4269,0
707578.1,0,,68,54,6,50.0,1.0,34.4907,16.9935,9.2145,11.3803,0
709578.1,0,,68,54,6,50.0,1.0,34.3907,16.9935,9.2485,11.3337,0
711578.1,0,,68,54,6,50.0,1.0,34.2907,16.9935,9.2825,11.287,0
712736.9,0,,68,54,6,50.0,1.0,34.2327,16.9935,9.3022,11.26,0
713578.1,0,,66,54,6,50.0,1.0,34.1907,16.9935,9.3165,11.2408,0
715578.1,0,,66,54,6,50.0,1.0,34.0907,16.9935,9.3505,11.1952,0
717578.1,0,,66,54,6,50.0,1.0,33.9907,16.9935,9.3845,11.1495,0
719578.1,0,,66,54,6,50.0,1.0,33.8907,16.9935,9.4185,11.1039,0
721578.1,0,,66,54,6,50.0,1.0,33.7907,16.9935,9.4524,11.0582,0
723578.1,0,,66,54,6,50.0,1.0,33.6907,16.9935,9.4864,11.0126,0
725578.1,0,,66,54,6,50.0,1.0,33.5907,16.9935,9.5204,10.9669,0
727578.1,0,,66,54,6,50.0,1.0,33.4907,16.9935,9.5544,10.9213,0
729578.1,0,,66,54,6,50.0,1.0,33.3907,16.9935,9.5884,10.8756,0
731578.1,0,,66,54,6,50.0,1.0,33.2907,16.9935,9.6224,10.83,0
733578.1,0,,66,54,6,50.0,1.0,33.1907,16.9935,9.6564,10.7843,0
735578.1,0,,66,54,6,50.0,1.0,33.0907,16.9935,9.6903,10.7387,0
737578.1,0,,66,54,6,50.0,1.0,32.9907,16.9935,9.7243,10.693,0
738140.1,0,,66,54,6,50.0,1.0,32.9626,16.9935,9.7339,10.6802,0
739578.1,0,,65,53,6,50.0,1.0,32.8907,17.3611,9.7588,10.6473,0
741578.1,0,,65,53,6,50.0,1.0,32.7907,17.3611,9.7936,10.6016,0
743578.1,0,,65,53,6,50.0,1.0,32.6907,17.3611,9.8283,10.5558,0
745578.1,0,,65,53,6,50.0,1.0,32.5907,17.3611,9.863,10.5101,0
747578.1,0,,65,53,6,50.0,1.0,32.4907,17.3611,9.8977,10.4643,0
749578.1,0,,65,53,6,50.0,1.0,32.3907,17.3611,9.9325,10.4186,0
751578.1,0,,65,53,6,50.0,1.0,32.2907,17.3611,9.9672,10.3728,0
753578.1,0,,65,53,6,50.0,1.0,32.1907,17.3611,10.0019,10.3271,0
755211.4,0,,65,53,6,50.0,1.0,32.109,17.3611,10.0303,10.2897,0
755578.1,0,,64,53,6,50.0,1.0,32.0907,17.6879,10.0367,10.2814,0
757578.1,0,,64,53,6,50.0,1.0,31.9907,17.6879,10.0721,10.2359,0
759578.1,0,,64,53,6,50.0,1.0,31.8907,17.6879,10.1075,10.1905,0
761578.1,0,,64,53,6,50.0,1.0,31.7907,17.6879,10.1429,10.1451,0
763578.1,0,,64,53,6,50.0,1.0,31.6907,17.6879,10.1783,10.0996,0
765578.1,0,,64,53,6,50.0,1.0,31.5907,17.6879,10.2136,10.0542,0
767578.1,0,,64,53,6,50.0,1.0,31.4907,17.6879,10.249,10.0088,0
769578.1,0,,64,53,6,50.0,1.0,31.3907,17.6879,10.2844,9.9634,0
771578.1,0,,64,53,6,50.0,1.0,31.2907,17.6879,10.3198,9.9179,0
773578.1,0,,64,53,6,50.0,1.0,31.1907,17.6879,10.3551,9.8725,0
775578.1,0,,64,53,6,50.0,1.0,31.0907,17.6879,10.3905,9.8271,0
777578.1,0,,64,53,6,50.0,1.0,30.9907,17.6879,10.4259,9.7816,0
779578.1,0,,64,53,6,50.0,1.0,30.8907,17.6879,10.4613,9.7362,0
781578.1,0,,64,53,6,50.0,1.0,30.7907,17.6879,10.4966,9.6908,0
783578.1,0,,64,53,6,50.0,1.0,30.6907,17.6879,10.532,9.6453,0
785578.1,0,,64,53,6,50.0,1.0,30.5907,17.6879,10.5674,9.5999,0
787578.1,0,,64,53,6,50.0,1.0,30.4907,17.6879,10.6028,9.5545,0
789144.5,0,,64,53,6,50.0,1.0,30.4123,17.6879,10.6305,9.5189,0
789578.1,0,,63,53,6,50.0,1.0,30.3907,18.0147,10.6383,9.5098,0
790027.4,0,,63,53,6,50.0,1.0,30.3682,18.0147,10.6464,9.5004,0
791578.1,0,,62,53,6,50.0,1.0,30.2907,18.3824,10.6749,9.4682,0
793578.1,0,,62,53,6,50.0,1.0,30.1907,18.3824,10.7116,9.4267,0
795578.1,0,,62,53,6,50.0,1.0,30.0907,18.3824,10.7484,9.3852,0
797578.1,0,,62,53,6,50.0,1.0,29.9907,18.3824,10.7852,9.3436,0
799578.1,0,,62,53,6,50.0,1.0,29.8907,18.3824,10.8219,9.3021,0
801578.1,0,,62,53,6,50.0,1.0,29.7907,18.3824,10.8587,9.2606,0
803578.1,0,,62,53,6,50.0,1.0,29.6907,18.3824,10.8955,9.219,0
805578.1,0,,62,53,6,50.0,1.0,29.5907,18.3824,10.9322,9.1775,0
805792.8,0,,62,53,6,50.0,1.0,29.5799,18.3824,10.9362,9.1731,0
807578.1,0,,61,53,5,50.0,1.0,29.4907,15.4657,9.1329,9.1363,0
809578.1,0,,61,53,5,50.0,1.0,29.3907,15.4657,9.1638,9.0951,0
811578.1,0,,61,53,5,50.0,1.0,29.2907,15.4657,9.1947,9.0539,0
813578.1,0,,61,53,5,50.0,1.0,29.1907,15.4657,9.2257,9.0127,0
814931.1,0,,61,53,5,50.0,1.0,29.123,15.4657,9.2466,8.9849,0
815578.1,0,,60,53,4,50.0,1.0,29.0907,12.549,7.3787,8.9717,0
817578.1,0,,60,53,4,50.0,1.0,28.9907,12.549,7.4038,8.9309,0
819578.1,0,,60,53,4,50.0,1.0,28.8907,12.549,7.4289,8.8901,0
821578.1,0,,60,53,4,50.0,1.0,28.7907,12.549,7.454,8.8493,0
823578.1,0,,60,53,4,50.0,1.0,28.6907,12.549,7.4791,8.8085,0
825578.1,0,,60,53,4,50.0,1.0,28.5907,12.549,7.5042,8.7677,0
827578.1,0,,60,53,4,50.0,1.0,28.4907,12.549,7.5293,8.7269,0
829578.1,0,,60,53,4,50.0,1.0,28.3907,12.549,7.5544,8.6861,0
831578.1,0,,60,53,4,50.0,1.0,28.2907,12.549,7.5795,8.6453,0
833578.1,0,,60,53,4,50.0,1.0,28.1907,12.549,7.6046,8.6045,0
834055.2,0,,60,53,4,50.0,1.0,28.1668,12.549,7.6106,8.5947,0
835578.1,0,,58,53,3,50.0,1.0,28.0907,9.2157,5.6995,8.5643,0
837578.1,0,,58,53,3,50.0,1.0,27.9907,9.2157,5.718,8.5242,0
839578.1,0,,58,53,3,50.0,1.0,27.8907,9.2157,5.7364,8.4842,0
841578.1,0,,58,53,3,50.0,1.0,27.7907,9.2157,5.7548,8.4442,0
843578.1,0,,58,53,3,50.0,1.0,27.6907,9.2157,5.7733,8.4042,0
845578.1,0,,58,53,3,50.0,1.0,27.5907,9.2157,5.7917,8.3641,0
847578.1,0,,58,53,3,50.0,1.0,27.4907,9.2157,5.8101,8.3241,0
849578.1,0,,58,53,3,50.0,1.0,27.3907,9.2157,5.8286,8.2841,0
851578.1,0,,58,53,3,50.0,1.0,27.2907,9.2157,5.847,8.244,0
853578.1,0,,58,53,3,50.0,1.0,27.1907,9.2157,5.8654,8.204,0
855578.1,0,,58,53,3,50.0,1.0,27.0907,9.2157,5.8838,8.164,0
857578.1,0,,58,53,3,50.0,1.0,26.9907,9.2157,5.9023,8.124,0
859578.1,0,,58,53,3,50.0,1.0,26.8907,9.2157,5.9207,8.0839,0
861578.1,0,,58,53,3,50.0,1.0,26.7907,9.2157,5.9391,8.0439,0
863578.1,0,,58,53,3,50.0,1.0,26.6907,9.2157,5.9576,8.0039,0
865470.8,0,,58,53,3,50.0,1.0,26.596,9.2157,5.975,7.966,0
865578.1,0,,57,52,3,50.0,1.0,26.5907,9.4538,5.976,7.9639,0
867132.3,0,,57,52,3,50.0,1.0,26.513,9.4538,5.9907,7.9327,0
867578.1,0,,56,52,3,50.0,1.0,26.4907,9.8214,5.9951,7.9247,0
869578.1,0,,56,52,3,50.0,1.0,26.3907,9.8214,6.0147,7.8887,0
871064.5,0,,56,52,3,50.0,1.0,26.3163,9.8214,6.0293,7.862,0
871578.1,0,,55,52,2,50.0,1.0,26.2907,6.9048,4.0504,7.854,0
873578.1,0,,55,52,2,50.0,1.0,26.1907,6.9048,4.0642,7.8226,0
875578.1,0,,55,52,2,50.0,1.0,26.0907,6.9048,4.078,7.7913,0
877578.1,0,,55,52,2,50.0,1.0,25.9907,6.9048,4.0919,7.76,0
879578.1,0,,55,52,2,50.0,1.0,25.8907,6.9048,4.1057,7.7287,0
881578.1,0,,55,52,2,50.0,1.0,25.7907,6.9048,4.1195,7.6973,0
883578.1,0,,55,52,2,50.0,1.0,25.6907,6.9048,4.1333,7.666,0
885578.1,0,,55,52,2,50.0,1.0,25.5907,6.9048,4.1471,7.6347,0
887578.1,0,,55,52,2,50.0,1.0,25.4907,6.9048,4.1609,7.6034,0
889578.1,0,,55,52,2,50.0,1.0,25.3907,6.9048,4.1747,7.572,0
891578.1,0,,55,52,2,50.0,1.0,25.2907,6.9048,4.1885,7.5407,0
893578.1,0,,55,52,2,50.0,1.0,25.1907,6.9048,4.2023,7.5094,0
895578.1,0,,55,52,2,50.0,1.0,25.0907,6.9048,4.2161,7.478,0
897578.1,0,,55,52,2,50.0,1.0,24.9907,6.9048,4.2299,7.4467,0
899578.1,0,,55,52,2,50.0,1.0,24.8907,6.9048,4.2438,7.4154,0
901578.1,0,,55,52,2,50.0,1.0,24.7907,6.9048,4.2576,7.3841,0
903578.1,0,,55,52,2,50.0,1.0,24.6907,6.9048,4.2714,7.3527,0
905578.1,0,,55,52,2,50.0,1.0,24.5907,6.9048,4.2852,7.3214,0
907578.1,0,,55,52,2,50.0,1.0,24.4907,6.9048,4.299,7.2901,0
909578.1,0,,55,52,2,50.0,1.0,24.3907,6.9048,4.3128,7.2588,0
911406.4,0,,55,52,2,50.0,1.0,24.2992,6.9048,4.3254,7.2301,0
911578.1,0,,54,51,2,50.0,1.0,24.2907,7.1429,4.3267,7.2274,0
913578.1,0,,54,51,2,50.0,1.0,24.1907,7.1429,4.3409,7.1957,0
915578.1,0,,54,51,2,50.0,1.0,24.0907,7.1429,4.3552,7.164,0
917578.1,0,,54,51,2,50.0,1.0,23.9907,7.1429,4.3695,7.1323,0
919578.1,0,,54,51,2,50.0,1.0,23.8907,7.1429,4.3838,7.1006,0
921578.1,0,,54,51,2,50.0,1.0,23.7907,7.1429,4.3981,7.0689,0
923578.1,0,,54,51,2,50.0,1.0,23.6907,7.1429,4.4124,7.0372,0
925578.1,0,,54,51,2,50.0,1.0,23.5907,7.1429,4.4267,7.0055,0
927578.1,0,,54,51,2,50.0,1.0,23.4907,7.1429,4.4409,6.9738,0
929578.1,0,,54,51,2,50.0,1.0,23.3907,7.1429,4.4552,6.9421,0
931578.1,0,,54,51,2,50.0,1.0,23.2907,7.1429,4.4695,6.9103,0
933578.1,0,,54,51,2,50.0,1.0,23.1907,7.1429,4.4838,6.8786,0
935578.1,0,,54,51,2,50.0,1.0,23.0907,7.1429,4.4981,6.8469,0
937578.1,0,,54,51,2,50.0,1.0,22.9907,7.1429,4.5124,6.8152,0
939578.1,0,,54,51,2,50.0,1.0,22.8907,7.1429,4.5267,6.7835,0
941578.1,0,,54,51,2,50.0,1.0,22.7907,7.1429,4.5409,6.7518,0
943578.1,0,,54,51,2,50.0,1.0,22.6907,7.1429,4.5552,6.7201,0
945578.1,0,,54,51,2,50.0,1.0,22.5907,7.1429,4.5695,6.6884,0
947578.1,0,,54,51,2,50.0,1.0,22.4907,7.1429,4.5838,6.6567,0
949578.1,0,,54,51,2,50.0,1.0,22.3907,7.1429,4.5981,6.625,0
951578.1,0,,54,51,2,50.0,1.0,22.2907,7.1429,4.6124,6.5933,0
953578.1,0,,54,51,2,50.0,1.0,22.1907,7.1429,4.6267,6.5616,0
955578.1,0,,54,51,2,50.0,1.0,22.0907,7.1429,4.6409,6.5299,0
957578.1,0,,54,51,2,50.0,1.0,21.9907,7.1429,4.6552,6.4982,0
959578.1,0,,54,51,2,50.0,1.0,21.8907,7.1429,4.6695,6.4664,0
961578.1,0,,54,51,2,50.0,1.0,21.7907,7.1429,4.6838,6.4347,0
963578.1,0,,54,51,2,50.0,1.0,21.6907,7.1429,4.6981,6.403,0
965578.1,0,,54,51,2,50.0,1.0,21.5907,7.1429,4.7124,6.3713,0
967578.1,0,,54,51,2,50.0,1.0,21.4907,7.1429,4.7267,6.3396,0
969578.1,0,,54,51,2,50.0,1.0,21.3907,7.1429,4.7409,6.3079,0
971578.1,0,,54,51,2,50.0,1.0,21.2907,7.1429,4.7552,6.2762,0
973578.1,0,,54,51,2,50.0,1.0,21.1907,7.1429,4.7695,6.2445,0
975578.1,0,,54,51,2,50.0,1.0,21.0907,7.1429,4.7838,6.2128,0
977578.1,0,,54,51,2,50.0,1.0,20.9907,7.1429,4.7981,6.1811,0
979578.1,0,,54,51,2,50.0,1.0,20.8907,7.1429,4.8124,6.1494,0
979954.8,0,,54,51,2,50.0,1.0,20.8718,7.1429,4.8151,6.1434,0
981578.1,0,,53,51,2,50.0,1.0,20.7907,7.1429,4.8267,6.1181,0
983578.1,0,,53,51,2,50.0,1.0,20.6907,7.1429,4.8409,6.0869,0
985578.1,0,,53,51,2,50.0,1.0,20.5907,7.1429,4.8552,6.0556,0
987578.1,0,,53,51,2,50.0,1.0,20.4907,7.1429,4.8695,6.0244,0
989578.1,0,,53,51,2,50.0,1.0,20.3907,7.1429,4.8838,5.9932,0
991578.1,0,,53,51,2,50.0,1.0,20.2907,7.1429,4.8981,5.962,0
993578.1,0,,53,51,2,50.0,1.0,20.1907,7.1429,4.9124,5.9308,0
995578.1,0,,53,51,2,50.0,1.0,20.0907,7.1429,4.9267,5.8996,0
997578.1,0,,53,51,2,50.0,1.0,19.9907,7.1429,4.9409,5.8683,0
999578.1,0,,53,51,2,50.0,1.0,19.8907,7.1429,4.9552,5.8371,0
1001578.1,0,,53,51,2,50.0,1.0,19.7907,7.1429,4.9695,5.8059,0
1003578.1,0,,53,51,2,50.0,1.0,19.6907,7.1429,4.9838,5.7747,0
1005578.1,0,,53,51,2,50.0,1.0,19.5907,7.1429,4.9981,5.7435,0
1007578.1,0,,53,51,2,50.0,1.0,19.4907,7.1429,5.0124,5.7123,0
1009578.1,0,,53,51,2,50.0,1.0,19.3907,7.1429,5.0267,5.681,0
1010126.1,0,,53,51,2,50.0,1.0,19.3633,7.1429,5.0306,5.6725,0
1011578.1,0,,52,50,2,50.0,1.0,19.2907,7.1429,5.0409,5.6498,0
1013578.1,0,,52,50,2,50.0,1.0,19.1907,7.1429,5.0552,5.6186,0
1015578.1,0,,52,50,2,50.0,1.0,19.0907,7.1429,5.0695,5.5874,0
1017578.1,0,,52,50,2,50.0,1.0,18.9907,7.1429,5.0838,5.5562,0
1019578.1,0,,52,50,2,50.0,1.0,18.8907,7.1429,5.0981,5.5249,0
1021578.1,0,,52,50,2,50.0,1.0,18.7907,7.1429,5.1124,5.4937,0
1022445.0,0,,52,50,2,50.0,1.0,18.7473,7.1429,5.1186,5.4802,0
1023578.1,0,,51,50,1,50.0,1.0,18.6907,3.5714,2.5176,5.4628,0
1024276.5,0,,51,50,1,50.0,1.0,18.6557,3.5714,2.52,5.452,0
1025578.1,0,,50,49,1,50.0,1.0,18.5907,3.5714,2.5247,5.432,0
1027578.1,0,,50,49,1,50.0,1.0,18.4907,3.5714,2.5318,5.4012,0
1029578.1,0,,50,49,1,50.0,1.0,18.3907,3.5714,2.539,5.3704,0
1031578.1,0,,50,49,1,50.0,1.0,18.2907,3.5714,2.5461,5.3396,0
1033069.7,0,,50,49,1,50.0,1.0,18.2161,3.5714,2.5514,5.3167,0
1033578.1,0,,49,48,1,50.0,1.0,18.1907,3.5714,2.5533,5.3089,0
1035578.1,0,,49,48,1,50.0,1.0,18.0907,3.5714,2.5604,5.2781,0
1037578.1,0,,49,48,1,50.0,1.0,17.9907,3.5714,2.5676,5.2473,0
1039578.1,0,,49,48,1,50.0,1.0,17.8907,3.5714,2.5747,5.2165,0
1041578.1,0,,49,48,1,50.0,1.0,17.7907,3.5714,2.5818,5.1858,0
1043578.1,0,,49,48,1,50.0,1.0,17.6907,3.5714,2.589,5.155,0
1045578.1,0,,49,48,1,50.0,1.0,17.5907,3.5714,2.5961,5.1242,0
1047447.7,0,,49,48,1,50.0,1.0,17.4972,3.5714,2.6028,5.0954,0
1047578.1,0,,48,47,1,50.0,1.0,17.4907,3.5714,2.6033,5.0934,0
1049578.1,0,,48,47,1,50.0,1.0,17.3907,3.5714,2.6104,5.0626,0
1051578.1,0,,48,47,1,50.0,1.0,17.2907,3.5714,2.6176,5.0319,0
1053578.1,0,,48,47,1,50.0,1.0,17.1907,3.5714,2.6247,5.0011,0
1055171.6,0,,48,47,1,50.0,1.0,17.111,3.5714,2.6304,4.9766,0
1055578.1,0,,47,46,1,50.0,1.0,17.0907,3.5714,2.6318,4.9703,0
1057578.1,0,,47,46,1,50.0,1.0,16.9907,3.5714,2.639,4.9395,0
1059578.1,0,,47,46,1,50.0,1.0,16.8907,3.5714,2.6461,4.9087,0
1061578.1,0,,47,46,1,50.0,1.0,16.7907,3.5714,2.6533,4.878,0
1063578.1,0,,47,46,1,50.0,1.0,16.6907,3.5714,2.6604,4.8472,0
1065578.1,0,,47,46,1,50.0,1.0,16.5907,3.5714,2.6676,4.8164,0
1067578.1,0,,47,46,1,50.0,1.0,16.4907,3.5714,2.6747,4.7856,0
1069578.1,0,,47,46,1,50.0,1.0,16.3907,3.5714,2.6818,4.7548,0
1071578.1,0,,47,46,1,50.0,1.0,16.2907,3.5714,2.689,4.7241,0
1073578.1,0,,47,46,1,50.0,1.0,16.1907,3.5714,2.6961,4.6933,0
1075578.1,0,,47,46,1,50.0,1.0,16.0907,3.5714,2.7033,4.6625,0
1077578.1,0,,47,46,1,50.0,1.0,15.9907,3.5714,2.7104,4.6317,0
1079578.1,0,,47,46,1,50.0,1.0,15.8907,3.5714,2.7176,4.6009,0
1081578.1,0,,47,46,1,50.0,1.0,15.7907,3.5714,2.7247,4.5702,0
1082486.1,0,,47,46,1,50.0,1.0,15.7453,3.5714,2.7279,4.5562,0
1083578.1,0,,46,46,0,50.0,1.0,15.6907,0,0.0,4.5425,0
1085578.1,0,,46,46,0,50.0,1.0,15.5907,0,0.0,4.5175,0
1087578.1,0,,46,46,0,50.0,1.0,15.4907,0,0.0,4.4925,0
1089578.1,0,,46,46,0,50.0,1.0,15.3907,0,0.0,4.4675,0
1091578.1,0,,46,46,0,50.0,1.0,15.2907,0,0.0,4.4425,0
1093578.1,0,,46,46,0,50.0,1.0,15.1907,0,0.0,4.4175,0
1095578.1,0,,46,46,0,50.0,1.0,15.0907,0,0.0,4.3925,0
1097578.1,0,,46,46,0,50.0,1.0,14.9907,0,0.0,4.3675,0
1099578.1,0,,46,46,0,50.0,1.0,14.8907,0,0.0,4.3425,0
1101578.1,0,,46,46,0,50.0,1.0,14.7907,0,0.0,4.3175,0
1103578.1,0,,46,46,0,50.0,1.0,14.6907,0,0.0,4.2925,0
1105578.1,0,,46,46,0,50.0,1.0,14.5907,0,0.0,4.2675,0
1107578.1,0,,46,46,0,50.0,1.0,14.4907,0,0.0,4.2425,0
1109143.5,0,,46,46,0,50.0,1.0,14.4124,0,0.0,4.223,0
1109578.1,0,,45,45,0,50.0,1.0,14.3907,0,0.0,4.2175,0
1111578.1,0,,45,45,0,50.0,1.0,14.2907,0,0.0,4.1925,0
1113578.1,0,,45,45,0,50.0,1.0,14.1907,0,0.0,4.1675,0
1115578.1,0,,45,45,0,50.0,1.0,14.0907,0,0.0,4.1425,0
1117578.1,0,,45,45,0,50.0,1.0,13.9907,0,0.0,4.1175,0
1119578.1,0,,45,45,0,50.0,1.0,13.8907,0,0.0,4.0925,0
1120939.9,0,,45,45,0,50.0,1.0,13.8226,0,0.0,4.0755,0
1121578.1,0,,44,44,0,50.0,1.0,13.7907,0,0.0,4.0675,0
1123578.1,0,,44,44,0,50.0,1.0,13.6907,0,0.0,4.0425,0
1125578.1,0,,44,44,0,50.0,1.0,13.5907,0,0.0,4.0175,0
1126764.5,0,,44,44,0,50.0,1.0,13.5313,0,0.0,4.0027,0
1127578.1,0,,43,43,0,50.0,1.0,13.4907,0,0.0,3.9925,0
1129578.1,0,,43,43,0,50.0,1.0,13.3907,0,0.0,3.9675,0
1131578.1,0,,43,43,0,50.0,1.0,13.2907,0,0.0,3.9425,0
1133578.1,0,,43,43,0,50.0,1.0,13.1907,0,0.0,3.9175,0
1135578.1,0,,43,43,0,50.0,1.0,13.0907,0,0.0,3.8925,0
1137578.1,0,,43,43,0,50.0,1.0,12.9907,0,0.0,3.8675,0
1139578.1,0,,43,43,0,50.0,1.0,12.8907,0,0.0,3.8425,0
1141578.1,0,,43,43,0,50.0,1.0,12.7907,0,0.0,3.8175,0
1143578.1,0,,43,43,0,50.0,1.0,12.6907,0,0.0,3.7925,0
1145578.1,0,,43,43,0,50.0,1.0,12.5907,0,0.0,3.7675,0
1147578.1,0,,43,43,0,50.0,1.0,12.4907,0,0.0,3.7425,0
1149578.1,0,,43,43,0,50.0,1.0,12.3907,0,0.0,3.7175,0
1151578.1,0,,43,43,0,50.0,1.0,12.2907,0,0.0,3.6925,0
1153578.1,0,,43,43,0,50.0,1.0,12.1907,0,0.0,3.6675,0
1155578.1,0,,43,43,0,50.0,1.0,12.0907,0,0.0,3.6425,0
1156984.7,0,,43,43,0,50.0,1.0,12.0203,0,0.0,3.625,0
1157578.1,0,,42,42,0,50.0,1.0,11.9907,0,0.0,3.6175,0
1158328.0,0,,42,42,0,50.0,1.0,11.9532,0,0.0,3.6082,0
1159578.1,0,,41,41,0,50.0,1.0,11.8907,0,0.0,3.5925,0
1161578.1,0,,41,41,0,50.0,1.0,11.7907,0,0.0,3.5675,0
1163578.1,0,,41,41,0,50.0,1.0,11.6907,0,0.0,3.5425,0
1164881.6,0,,41,41,0,50.0,1.0,11.6255,0,0.0,3.5262,0
1165578.1,0,,40,40,0,50.0,1.0,11.5907,0,0.0,3.5175,0
1167578.1,0,,40,40,0,50.0,1.0,11.4907,0,0.0,3.4925,0
1169362.9,0,,40,40,0,50.0,1.0,11.4014,0,0.0,3.4702,0
1169578.1,0,,39,39,0,50.0,1.0,11.3907,0,0.0,3.4675,0
1171578.1,0,,39,39,0,50.0,1.0,11.2907,0,0.0,3.4425,0
1173578.1,0,,39,39,0,50.0,1.0,11.1907,0,0.0,3.4175,0
1173729.0,0,,39,39,0,50.0,1.0,11.1831,0,0.0,3.4157,0
1175578.1,0,,38,38,0,50.0,1.0,11.0907,0,0.0,3.3925,0
1176645.5,0,,38,38,0,50.0,1.0,11.0373,0,0.0,3.3792,0
1177578.1,0,,37,37,0,50.0,1.0,10.9907,0,0.0,3.3675,0
1179578.1,0,,37,37,0,50.0,1.0,10.8907,0,0.0,3.3425,0
1181578.1,0,,37,37,0,50.0,1.0,10.7907,0,0.0,3.3175,0
1183578.1,0,,37,37,0,50.0,1.0,10.6907,0,0.0,3.2925,0
1185578.1,0,,37,37,0,50.0,1.0,10.5907,0,0.0,3.2675,0
1187057.7,0,,37,37,0,50.0,1.0,10.5167,0,0.0,3.249,0
1187578.1,0,,36,36,0,50.0,1.0,10.4907,0,0.0,3.2425,0
1189578.1,0,,36,36,0,50.0,1.0,10.3907,0,0.0,3.2175,0
1191578.1,0,,36,36,0,50.0,1.0,10.2907,0,0.0,3.1925,0
1192628.7,0,,36,36,0,50.0,1.0,10.2381,0,0.0,3.1794,0
1193578.1,0,,35,35,0,50.0,1.0,10.1907,0,0.0,3.1675,0
1195578.1,0,,35,35,0,50.0,1.0,10.0907,0,0.0,3.1425,0
1197289.4,0,,35,35,0,50.0,1.0,10.0051,0,0.0,3.1212,0
1197321.9,0,,34,34,0,50.0,1.0,10.0035,0,0.0,3.1207,0
1197578.1,0,,33,33,0,50.0,1.0,9.9907,0,0.0,3.1175,0
1199182.3,0,,33,33,0,50.0,1.0,9.9105,0,0.0,3.0975,0
1199578.1,0,,32,32,0,50.0,1.0,9.8907,0,0.0,3.0925,0
1201578.1,0,,32,32,0,50.0,1.0,9.7907,0,0.0,3.0675,0
1203578.1,0,,32,32,0,50.0,1.0,9.6907,0,0.0,3.0425,0
1204203.2,0,,32,32,0,50.0,1.0,9.6594,0,0.0,3.0347,0
1205578.1,0,,31,31,0,50.0,1.0,9.5907,0,0.0,3.0175,0
1207578.1,0,,31,31,0,50.0,1.0,9.4907,0,0.0,2.9925,0
1209578.1,0,,31,31,0,50.0,1.0,9.3907,0,0.0,2.9675,0
1211578.1,0,,31,31,0,50.0,1.0,9.2907,0,0.0,2.9425,0
1213578.1,0,,31,31,0,50.0,1.0,9.1907,0,0.0,2.9175,0
1215578.1,0,,31,31,0,50.0,1.0,9.0907,0,0.0,2.8925,0
1217578.1,0,,31,31,0,50.0,1.0,8.9907,0,0.0,2.8675,0
1219578.1,0,,31,31,0,50.0,1.0,8.8907,0,0.0,2.8425,0
1219931.8,0,,31,31,0,50.0,1.0,8.873,0,0.0,2.8381,0
1221578.1,0,,30,30,0,50.0,1.0,8.7907,0,0.0,2.8175,0
1223578.1,0,,30,30,0,50.0,1.0,8.6907,0,0.0,2.7925,0
1225578.1,0,,30,30,0,50.0,1.0,8.5907,0,0.0,2.7675,0
1225724.3,0,,30,30,0,50.0,1.0,8.5834,0,0.0,2.7657,0
1227578.1,0,,29,29,0,50.0,1.0,8.4907,0,0.0,2.7425,0
1229578.1,0,,29,29,0,50.0,1.0,8.3907,0,0.0,2.7175,0
1231578.1,0,,29,29,0,50.0,1.0,8.2907,0,0.0,2.6925,0
1233578.1,0,,29,29,0,50.0,1.0,8.1907,0,0.0,2.6675,0
1235578.1,0,,29,29,0,50.0,1.0,8.0907,0,0.0,2.6425,0
1237578.1,0,,29,29,0,50.0,1.0,7.9907,0,0.0,2.6175,0
1239578.1,0,,29,29,0,50.0,1.0,7.8907,0,0.0,2.5925,0
1241578.1,0,,29,29,0,50.0,1.0,7.7907,0,0.0,2.5675,0
1243578.1,0,,29,29,0,50.0,1.0,7.6907,0,0.0,2.5425,0
1245578.1,0,,29,29,0,50.0,1.0,7.5907,0,0.0,2.5175,0
1247578.1,0,,29,29,0,50.0,1.0,7.4907,0,0.0,2.4925,0
1249578.1,0,,29,29,0,50.0,1.0,7.3907,0,0.0,2.4675,0
1249972.2,0,,29,29,0,50.0,1.0,7.371,0,0.0,2.4626,0
1251578.1,0,,27,27,0,50.0,1.0,7.2907,0,0.0,2.4425,0
1253578.1,0,,27,27,0,50.0,1.0,7.1907,0,0.0,2.4175,0
1255578.1,0,,27,27,0,50.0,1.0,7.0907,0,0.0,2.3925,0
1257578.1,0,,27,27,0,50.0,1.0,6.9907,0,0.0,2.3675,0
1259578.1,0,,27,27,0,50.0,1.0,6.8907,0,0.0,2.3425,0
1261578.1,0,,27,27,0,50.0,1.0,6.7907,0,0.0,2.3175,0
1262424.5,0,,27,27,0,50.0,1.0,6.7483,0,0.0,2.307,0
1263578.1,0,,26,26,0,50.0,1.0,6.6907,0,0.0,2.2925,0
1263734.8,0,,26,26,0,50.0,1.0,6.6828,0,0.0,2.2906,0
1265578.1,0,,25,25,0,50.0,1.0,6.5907,0,0.0,2.2675,0
1267578.1,0,,25,25,0,50.0,1.0,6.4907,0,0.0,2.2425,0
1269578.1,0,,25,25,0,50.0,1.0,6.3907,0,0.0,2.2175,0
1271578.1,0,,25,25,0,50.0,1.0,6.2907,0,0.0,2.1925,0
1273578.1,0,,25,25,0,50.0,1.0,6.1907,0,0.0,2.1675,0
1275578.1,0,,25,25,0,50.0,1.0,6.0907,0,0.0,2.1425,0
1277578.1,0,,25,25,0,50.0,1.0,5.9907,0,0.0,2.1175,0
1278480.4,0,,25,25,0,50.0,1.0,5.9455,0,0.0,2.1063,0
1279578.1,0,,24,24,0,50.0,1.0,5.8907,0,0.0,2.0925,0
1281578.1,0,,24,24,0,50.0,1.0,5.7907,0,0.0,2.0675,0
1283578.1,0,,24,24,0,50.0,1.0,5.6907,0,0.0,2.0425,0
1285578.1,0,,24,24,0,50.0,1.0,5.5907,0,0.0,2.0175,0
1287578.1,0,,24,24,0,50.0,1.0,5.4907,0,0.0,1.9925,0
1289578.1,0,,24,24,0,50.0,1.0,5.3907,0,0.0,1.9675,0
1291578.1,0,,24,24,0,50.0,1.0,5.2907,0,0.0,1.9425,0
1293578.1,0,,24,24,0,50.0,1.0,5.1907,0,0.0,1.9175,0
1295578.1,0,,24,24,0,50.0,1.0,5.0907,0,0.0,1.8925,0
1297578.1,0,,24,24,0,50.0,1.0,4.9907,0,0.0,1.8675,0
1299578.1,0,,24,24,0,50.0,1.0,4.8907,0,0.0,1.8425,0
1301418.4,0,,24,24,0,50.0,1.0,4.7986,0,0.0,1.8195,0
1301578.1,0,,23,23,0,50.0,1.0,4.7907,0,0.0,1.8175,0
1302147.0,0,,23,23,0,50.0,1.0,4.7622,0,0.0,1.8104,0
1303578.1,0,,22,22,0,50.0,1.0,4.6907,0,0.0,1.7925,0
1305578.1,0,,22,22,0,50.0,1.0,4.5907,0,0.0,1.7675,0
1307316.7,0,,22,22,0,50.0,1.0,4.5037,0,0.0,1.7458,0
1307578.1,0,,21,21,0,50.0,1.0,4.4907,0,0.0,1.7425,0
1309028.3,0,,21,21,0,50.0,1.0,4.4182,0,0.0,1.7244,0
1309578.1,0,,20,20,0,50.0,1.0,4.3907,0,0.0,1.7175,0
1311578.1,0,,20,20,0,50.0,1.0,4.2907,0,0.0,1.6925,0
1313578.1,0,,20,20,0,50.0,1.0,4.1907,0,0.0,1.6675,0
1315578.1,0,,20,20,0,50.0,1.0,4.0907,0,0.0,1.6425,0
1316597.4,0,,20,20,0,50.0,1.0,4.0397,0,0.0,1.6298,0
1317147.1,0,,18,18,0,50.0,1.0,4.0122,0,0.0,1.6229,0
1317578.1,0,,17,17,0,50.0,1.0,3.9907,0,0.0,1.6175,0
1318858.7,0,,17,17,0,50.0,1.0,3.9266,0,0.0,1.6015,0
1319578.1,0,,16,16,0,50.0,1.0,3.8907,0,0.0,1.5925,0
1321578.1,0,,16,16,0,50.0,1.0,3.7907,0,0.0,1.5675,0
1322135.5,0,,16,16,0,50.0,1.0,3.7628,0,0.0,1.5606,0
1323578.1,0,,15,15,0,50.0,1.0,3.6907,0,0.0,1.5425,0
1324355.6,0,,15,15,0,50.0,1.0,3.6518,0,0.0,1.5328,0
1325578.1,0,,14,14,0,50.0,1.0,3.5907,0,0.0,1.5175,0
1327578.1,0,,14,14,0,50.0,1.0,3.4907,0,0.0,1.4925,0
1329578.1,0,,14,14,0,50.0,1.0,3.3907,0,0.0,1.4675,0
1331578.1,0,,14,14,0,50.0,1.0,3.2907,0,0.0,1.4425,0
1333309.1,0,,14,14,0,50.0,1.0,3.2041,0,0.0,1.4209,0
1333578.1,0,,13,13,0,50.0,1.0,3.1907,0,0.0,1.4175,0
1335578.1,0,,13,13,0,50.0,1.0,3.0907,0,0.0,1.3925,0
1337578.1,0,,13,13,0,50.0,1.0,2.9907,0,0.0,1.3675,0
1339578.1,0,,13,13,0,50.0,1.0,2.8907,0,0.0,1.3425,0
1341578.1,0,,13,13,0,50.0,1.0,2.7907,0,0.0,1.3175,0
1343578.1,0,,13,13,0,50.0,1.0,2.6907,0,0.0,1.2925,0
1344672.2,0,,13,13,0,50.0,1.0,2.636,0,0.0,1.2789,0
1345578.1,0,,12,12,0,50.0,1.0,2.5907,0,0.0,1.2675,0
1347578.1,0,,12,12,0,50.0,1.0,2.4907,0,0.0,1.2425,0
1349578.1,0,,12,12,0,50.0,1.0,2.3907,0,0.0,1.2175,0
1351578.1,0,,12,12,0,50.0,1.0,2.2907,0,0.0,1.1925,0
1352969.9,0,,12,12,0,50.0,1.0,2.2211,0,0.0,1.1751,0
1353578.1,0,,11,11,0,50.0,1.0,2.1907,0,0.0,1.1675,0
1355578.1,0,,11,11,0,50.0,1.0,2.0907,0,0.0,1.1425,0
1357578.1,0,,11,11,0,50.0,1.0,1.9907,0,0.0,1.1175,0
1359578.1,0,,11,11,0,50.0,1.0,1.8907,0,0.0,1.0925,0
1360506.6,0,,11,11,0,50.0,1.0,1.8442,0,0.0,1.0809,0
1361578.1,0,,10,10,0,50.0,1.0,1.7907,0,0.0,1.0631,0
1363578.1,0,,10,10,0,50.0,1.0,1.6907,0,0.0,1.0297,0
1365578.1,0,,10,10,0,50.0,1.0,1.5907,0,0.0,0.9964,0
1367578.1,0,,10,10,0,50.0,1.0,1.4907,0,0.0,0.9631,0
1369083.7,0,,10,10,0,50.0,1.0,1.4154,0,0.0,0.938,0
1369578.1,0,,9,9,0,50.0,1.0,1.3907,0,0.0,0.9297,0
1371578.1,0,,9,9,0,50.0,1.0,1.2907,0,0.0,0.8964,0
1372469.2,0,,9,9,0,50.0,1.0,1.2461,0,0.0,0.8816,0
1372961.0,0,,8,8,0,50.0,1.0,1.2215,0,0.0,0.8734,0
1373578.1,0,,7,7,0,50.0,1.0,1.1907,0,0.0,0.8631,0
1375578.1,0,,7,7,0,50.0,1.0,1.0907,0,0.0,0.8297,0
1376401.6,0,,7,7,0,50.0,1.0,1.0495,0,0.0,0.816,0
1377578.1,0,,6,6,0,50.0,1.0,0.9907,0,0.0,0.7964,0
1378367.7,0,,6,6,0,50.0,1.0,0.9512,0,0.0,0.7833,0
1379578.1,0,,5,5,0,50.0,1.0,0.8907,0,0.0,0.753,0
1381578.1,0,,5,5,0,50.0,1.0,0.7907,0,0.0,0.703,0
1383578.1,0,,5,5,0,50.0,1.0,0.6907,0,0.0,0.653,0
1383938.1,0,,5,5,0,50.0,1.0,0.6727,0,0.0,0.644,0
1385578.1,0,,4,4,0,50.0,1.0,0.5907,0,0.0,0.5893,0
1385658.4,0,,4,4,0,50.0,1.0,0.5866,0,0.0,0.5866,0
1387578.1,0,,3,3,0,50.0,1.0,0.4907,0,0.0,0.4907,0
1389578.1,0,,3,3,0,50.0,1.0,0.3907,0,0.0,0.3907,0
1391578.1,0,,3,3,0,50.0,1.0,0.2907,0,0.0,0.2907,0
1391902.7,0,,3,3,0,50.0,1.0,0.2744,0,0.0,0.2744,0
1393578.1,0,,2,2,0,50.0,1.0,0.1907,0,0.0,0.1907,0
1395578.1,0,,2,2,0,50.0,1.0,0.0907,0,0.0,0.0907,0
1396490.2,0,,2,2,0,50.0,1.0,0.0451,0,0.0,0.0451,0
1397391.4,0,,1,1,0,50.0,1.0,0.0,0,0.0,0.0,0
1397578.1,1,,124,56,8,50.0,1.0,69.8602,12.9032,0.0024,10.1299,0
1399578.1,1,,124,56,8,50.0,1.0,69.7602,12.9032,0.0282,10.0912,0
1401578.1,1,,124,56,8,50.0,1.0,69.6602,12.9032,0.054,10.0525,0
1403578.1,1,,124,56,8,50.0,1.0,69.5602,12.9032,0.0798,10.0138,0
1405578.1,1,,124,56,8,50.0,1.0,69.4602,12.9032,0.1056,9.9751,0
1407578.1,1,,124,56,8,50.0,1.0,69.3602,12.9032,0.1314,9.9363,0
1409578.1,1,,124,56,8,50.0,1.0,69.2602,12.9032,0.1572,9.8976,0
1411578.1,1,,124,56,8,50.0,1.0,69.1602,12.9032,0.1831,9.8589,0
1413578.1,1,,124,56,8,50.0,1.0,69.0602,12.9032,0.2089,9.8202,0
1415578.1,1,,124,56,8,50.0,1.0,68.9602,12.9032,0.2347,9.7815,0
1417578.1,1,,124,56,8,50.0,1.0,68.8602,12.9032,0.2605,9.7428,0
1419578.1,1,,124,56,8,50.0,1.0,68.7602,12.9032,0.2863,9.7041,0
1421578.1,1,,124,56,8,50.0,1.0,68.6602,12.9032,0.3121,9.6654,0
1423578.1,1,,124,56,8,50.0,1.0,68.5602,12.9032,0.3379,9.6267,0
1425578.1,1,,124,56,8,50.0,1.0,68.4602,12.9032,0.3637,9.588,0
1427578.1,1,,124,56,8,50.0,1.0,68.3602,12.9032,0.3895,9.5492,0
1429578.1,1,,124,56,8,50.0,1.0,68.2602,12.9032,0.4153,9.5105,0
1430969.5,1,,124,56,8,50.0,1.0,68.1907,12.9032,0.4333,9.4836,0
1431578.1,1,,123,56,8,50.0,1.0,68.1602,13.0108,0.4412,9.4718,0
1433578.1,1,,123,56,8,50.0,1.0,68.0602,13.0108,0.4672,9.433,0
1435578.1,1,,123,56,8,50.0,1.0,67.9602,13.0108,0.4932,9.3942,0
1437578.1,1,,123,56,8,50.0,1.0,67.8602,13.0108,0.5192,9.3553,0
1439578.1,1,,123,56,8,50.0,1.0,67.7602,13.0108,0.5453,9.3165,0
1441578.1,1,,123,56,8,50.0,1.0,67.6602,13.0108,0.5713,9.2777,0
1443578.1,1,,123,56,8,50.0,1.0,67.5602,13.0108,0.5973,9.2389,0
1445578.1,1,,123,56,8,50.0,1.0,67.4602,13.0108,0.6233,9.2001,0
1447578.1,1,,123,56,8,50.0,1.0,67.3602,13.0108,0.6494,9.1613,0
1449578.1,1,,123,56,8,50.0,1.0,67.2602,13.0108,0.6754,9.1224,0
1451578.1,1,,123,56,8,50.0,1.0,67.1602,13.0108,0.7014,9.0836,0
1453578.1,1,,123,56,8,50.0,1.0,67.0602,13.0108,0.7274,9.0448,0
1455578.1,1,,123,56,8,50.0,1.0,66.9602,13.0108,0.7534,9.006,0
1456929.0,1,,123,56,8,50.0,1.0,66.8927,13.0108,0.771,8.9798,0
1457578.1,1,,122,56,8,50.0,1.0,66.8602,13.1183,0.7795,8.9671,0
1459578.1,1,,122,56,8,50.0,1.0,66.7602,13.1183,0.8058,8.9282,0
1460315.0,1,,122,56,8,50.0,1.0,66.7234,13.1183,0.8154,8.9139,0
1461578.1,1,,121,56,8,50.0,1.0,66.6602,13.2258,0.8321,8.8887,0
1463578.1,1,,121,56,8,50.0,1.0,66.5602,13.2258,0.8586,8.8488,0
1463864.9,1,,121,56,8,50.0,1.0,66.5459,13.2258,0.8624,8.8431,0
1465578.1,1,,120,56,8,50.0,1.0,66.4602,13.3407,0.8852,8.808,0
1467578.1,1,,120,56,8,50.0,1.0,66.3602,13.3407,0.9119,8.7671,0
1469578.1,1,,120,56,8,50.0,1.0,66.2602,13.3407,0.9386,8.7261,0
1471383.3,1,,120,56,8,50.0,1.0,66.17,13.3407,0.9627,8.6892,0
1471578.1,1,,119,56,8,50.0,1.0,66.1602,13.4557,0.9653,8.6852,0
1471674.6,1,,119,56,8,50.0,1.0,66.1554,13.4557,0.9666,8.6832,0
1473522.3,1,,118,56,8,50.0,1.0,66.063,13.5706,0.9917,8.6452,0
1473578.1,1,,117,56,8,50.0,1.0,66.0602,13.6938,0.9924,8.6441,0
1475578.1,1,,117,56,8,50.0,1.0,65.9602,13.6938,1.0198,8.6028,0
1476680.8,1,,117,56,8,50.0,1.0,65.9051,13.6938,1.0349,8.58,0
1477327.1,1,,116,56,8,50.0,1.0,65.8728,13.8013,1.0439,8.5666,0
1477454.5,1,,115,56,8,50.0,1.0,65.8664,13.9245,1.0456,8.5639,0
1477578.1,1,,114,56,8,50.0,1.0,65.8602,14.0476,1.0474,8.5613,0
1477773.1,1,,114,56,8,50.0,1.0,65.8505,14.0476,1.0501,8.5571,0
1478565.0,1,,113,56,8,50.0,1.0,65.8109,14.1626,1.0613,8.5402,0
1479578.1,1,,112,56,8,50.0,1.0,65.7602,14.2857,1.0758,8.5185,0
1480148.8,1,,112,56,8,50.0,1.0,65.7317,14.2857,1.0839,8.5063,0
1481578.1,1,,111,56,8,50.0,1.0,65.6602,14.418,1.1046,8.4756,0
1483578.1,1,,111,56,8,50.0,1.0,65.5602,14.418,1.1334,8.4326,0
1483698.6,1,,111,56,8,50.0,1.0,65.5542,14.418,1.1351,8.43,0
1484927.4,1,,110,56,8,50.0,1.0,65.4928,14.5503,1.153,8.4028,0
1485164.1,1,,109,56,8,50.0,1.0,65.4809,14.6927,1.1565,8.3975,0
1485578.1,1,,108,56,8,50.0,1.0,65.4602,14.8466,1.1626,8.3878,0
1485701.1,1,,108,56,8,50.0,1.0,65.4541,14.8466,1.1645,8.3849,0
1486884.4,1,,107,56,8,50.0,1.0,65.3949,14.9788,1.1822,8.3571,0
1487578.1,1,,106,56,8,50.0,1.0,65.3602,15.1111,1.1927,8.3407,0
1489387.5,1,,106,56,8,50.0,1.0,65.2698,15.1111,1.22,8.2981,0
1489578.1,1,,105,56,8,50.0,1.0,65.2602,15.2536,1.2229,8.2936,0
1491578.1,1,,105,56,8,50.0,1.0,65.1602,15.2536,1.2534,8.2464,0
1491799.6,1,,105,56,8,50.0,1.0,65.1492,15.2536,1.2568,8.2411,0
1493578.1,1,,104,56,8,50.0,1.0,65.0602,15.396,1.2842,8.199,0
1495578.1,1,,104,56,8,50.0,1.0,64.9602,15.396,1.315,8.1516,0
1497578.1,1,,104,56,8,50.0,1.0,64.8602,15.396,1.3458,8.1042,0
1497843.5,1,,104,56,8,50.0,1.0,64.847,15.396,1.3498,8.0979,0
1499578.1,1,,103,56,8,50.0,1.0,64.7602,15.5385,1.3768,8.0567,0
1501578.1,1,,103,56,8,50.0,1.0,64.6602,15.5385,1.4079,8.0091,0
1503578.1,1,,103,56,8,50.0,1.0,64.5602,15.5385,1.439,7.9616,0
1505243.6,1,,103,56,8,50.0,1.0,64.477,15.5385,1.4648,7.922,0
1505578.1,1,,102,56,8,50.0,1.0,64.4602,15.6923,1.4701,7.914,0
1507578.1,1,,102,56,8,50.0,1.0,64.3602,15.6923,1.5015,7.8663,0
1509548.9,1,,102,56,8,50.0,1.0,64.2617,15.6923,1.5324,7.8193,0
1509578.1,1,,101,56,8,50.0,1.0,64.2602,15.8462,1.5329,7.8186,0
1510386.3,1,,101,56,8,50.0,1.0,64.2198,15.8462,1.5457,7.7993,0
1511578.1,1,,100,56,8,50.0,1.0,64.1602,16.0,1.5647,7.7707,0
1512434.3,1,,100,56,8,50.0,1.0,64.1174,16.0,1.5784,7.7502,0
1513578.1,1,,99,56,8,50.0,1.0,64.0602,16.1667,1.5969,7.7226,0
1515578.1,1,,99,56,8,50.0,1.0,63.9602,16.1667,1.6293,7.6744,0
1516375.6,1,,99,56,8,50.0,1.0,63.9204,16.1667,1.6422,7.6552,0
1517578.1,1,,98,56,8,50.0,1.0,63.8602,16.3333,1.6618,7.6262,0
1519578.1,1,,98,56,8,50.0,1.0,63.7602,16.3333,1.6945,7.5778,0
1520944.9,1,,98,56,8,50.0,1.0,63.6919,16.3333,1.7168,7.5448,0
1521578.1,1,,97,56,8,50.0,1.0,63.6602,16.5,1.7272,7.5295,0
1523578.1,1,,97,56,8,50.0,1.0,63.5602,16.5,1.7602,7.481,0
1525578.1,1,,97,56,8,50.0,1.0,63.4602,16.5,1.7932,7.4325,0
1527578.1,1,,97,56,8,50.0,1.0,63.3602,16.5,1.8262,7.384,0
1529578.1,1,,97,56,8,50.0,1.0,63.2602,16.5,1.8592,7.3355,0
1531578.1,1,,97,56,8,50.0,1.0,63.1602,16.5,1.8922,7.287,0
1533578.1,1,,97,56,8,50.0,1.0,63.0602,16.5,1.9252,7.2385,0
1535578.1,1,,97,56,8,50.0,1.0,62.9602,16.5,1.9582,7.19,0
1537578.1,1,,97,56,8,50.0,1.0,62.8602,16.5,1.9912,7.1415,0
1539578.1,1,,97,56,8,50.0,1.0,62.7602,16.5,2.0242,7.093,0
1541370.3,1,,97,56,8,50.0,1.0,62.6706,16.5,2.0538,7.0495,0
1541578.1,1,,96,56,8,50.0,1.0,62.6602,16.6667,2.0573,7.0482,0
1543578.1,1,,96,56,8,50.0,1.0,62.5602,16.6667,2.0906,7.0357,0
1545578.1,1,,96,56,8,50.0,1.0,62.4602,16.6667,2.1239,7.0232,0
1547578.1,1,,96,56,8,50.0,1.0,62.3602,16.6667,2.1573,7.0107,0
1549578.1,1,,96,56,8,50.0,1.0,62.2602,16.6667,2.1906,6.9982,0
1551578.1,1,,96,56,8,50.0,1.0,62.1602,16.6667,2.2239,6.9857,0
1553578.1,1,,96,56,8,50.0,1.0,62.0602,16.6667,2.2573,6.9732,0
1555578.1,1,,96,56,8,50.0,1.0,61.9602,16.6667,2.2906,6.9607,0
1557578.1,1,,96,56,8,50.0,1.0,61.8602,16.6667,2.3239,6.9482,0
1559578.1,1,,96,56,8,50.0,1.0,61.7602,16.6667,2.3573,6.9357,0
1561578.1,1,,96,56,8,50.0,1.0,61.6602,16.6667,2.3906,6.9232,0
1563578.1,1,,96,56,8,50.0,1.0,61.5602,16.6667,2.4239,6.9107,0
1565578.1,1,,96,56,8,50.0,1.0,61.4602,16.6667,2.4573,6.8982,0
1567578.1,1,,96,56,8,50.0,1.0,61.3602,16.6667,2.4906,6.8857,0
1569578.1,1,,96,56,8,50.0,1.0,61.2602,16.6667,2.5239,6.8732,0
1571578.1,1,,96,56,8,50.0,1.0,61.1602,16.6667,2.5573,6.8607,0
1573578.1,1,,96,56,8,50.0,1.0,61.0602,16.6667,2.5906,6.8482,0
1575578.1,1,,96,56,8,50.0,1.0,60.9602,16.6667,2.6239,6.8357,0
1577578.1,1,,96,56,8,50.0,1.0,60.8602,16.6667,2.6573,6.8232,0
1579578.1,1,,96,56,8,50.0,1.0,60.7602,16.6667,2.6906,6.8107,0
1581578.1,1,,96,56,8,50.0,1.0,60.6602,16.6667,2.7239,6.7982,0
1583578.1,1,,96,56,8,50.0,1.0,60.5602,16.6667,2.7573,6.7857,0
1585578.1,1,,96,56,8,50.0,1.0,60.4602,16.6667,2.7906,6.7732,0
1587578.1,1,,96,56,8,50.0,1.0,60.3602,16.6667,2.8239,6.7607,0
1589578.1,1,,96,56,8,50.0,1.0,60.2602,16.6667,2.8573,6.7482,0
1591578.1,1,,96,56,8,50.0,1.0,60.1602,16.6667,2.8906,6.7357,0
1593578.1,1,,96,56,8,50.0,1.0,60.0602,16.6667,2.9239,6.7232,0
1595578.1,1,,96,56,8,50.0,1.0,59.9602,16.6667,2.9573,6.7107,0
1597578.1,1,,96,56,8,50.0,1.0,59.8602,16.6667,2.9906,6.6982,0
1599578.1,1,,96,56,8,50.0,1.0,59.7602,16.6667,3.0239,6.6857,0
1601578.1,1,,96,56,8,50.0,1.0,59.6602,16.6667,3.0573,6.6732,0
1603578.1,1,,96,56,8,50.0,1.0,59.5602,16.6667,3.0906,6.6607,0
1605578.1,1,,96,56,8,50.0,1.0,59.4602,16.6667,3.1239,6.6482,0
1607578.1,1,,96,56,8,50.0,1.0,59.3602,16.6667,3.1573,6.6357,0
1609578.1,1,,96,56,8,50.0,1.0,59.2602,16.6667,3.1906,6.6232,0
1611578.1,1,,96,56,8,50.0,1.0,59.1602,16.6667,3.2239,6.6107,0
1613578.1,1,,96,56,8,50.0,1.0,59.0602,16.6667,3.2573,6.5982,0
1615578.1,1,,96,56,8,50.0,1.0,58.9602,16.6667,3.2906,6.5857,0
1617578.1,1,,96,56,8,50.0,1.0,58.8602,16.6667,3.3239,6.5732,0
1619578.1,1,,96,56,8,50.0,1.0,58.7602,16.6667,3.3573,6.5607,0
1621578.1,1,,96,56,8,50.0,1.0,58.6602,16.6667,3.3906,6.5482,0
1623578.1,1,,96,56,8,50.0,1.0,58.5602,16.6667,3.4239,6.5357,0
1625578.1,1,,96,56,8,50.0,1.0,58.4602,16.6667,3.4573,6.5232,0
1627578.1,1,,96,56,8,50.0,1.0,58.3602,16.6667,3.4906,6.5107,0
1629578.1,1,,96,56,8,50.0,1.0,58.2602,16.6667,3.5239,6.4982,0
1631578.1,1,,96,56,8,50.0,1.0,58.1602,16.6667,3.5573,6.4857,0
1633578.1,1,,96,56,8,50.0,1.0,58.0602,16.6667,3.5906,6.4732,0
1635578.1,1,,96,56,8,50.0,1.0,57.9602,16.6667,3.6239,6.4607,0
1637578.1,1,,96,56,8,50.0,1.0,57.8602,16.6667,3.6573,6.4482,0
1639578.1,1,,96,56,8,50.0,1.0,57.7602,16.6667,3.6906,6.4357,0
1641578.1,1,,96,56,8,50.0,1.0,57.6602,16.6667,3.7239,6.4232,0
1643578.1,1,,96,56,8,50.0,1.0,57.5602,16.6667,3.7573,6.4107,0
1645578.1,1,,96,56,8,50.0,1.0,57.4602,16.6667,3.7906,6.3982,0
1647578.1,1,,96,56,8,50.0,1.0,57.3602,16.6667,3.8239,6.3857,0
1649578.1,1,,96,56,8,50.0,1.0,57.2602,16.6667,3.8573,6.3732,0
1651578.1,1,,96,56,8,50.0,1.0,57.1602,16.6667,3.8906,6.3607,0
1653578.1,1,,96,56,8,50.0,1.0,57.0602,16.6667,3.9239,6.3482,0
1655578.1,1,,96,56,8,50.0,1.0,56.9602,16.6667,3.9573,6.3357,0
1657578.1,1,,96,56,8,50.0,1.0,56.8602,16.6667,3.9906,6.3232,0
1659578.1,1,,96,56,8,50.0,1.0,56.7602,16.6667,4.0239,6.3107,0
1661578.1,1,,96,56,8,50.0,1.0,56.6602,16.6667,4.0573,6.2982,0
1663578.1,1,,96,56,8,50.0,1.0,56.5602,16.6667,4.0906,6.2857,0
1664687.2,1,,96,56,8,50.0,1.0,56.5048,16.6667,4.1091,6.2788,0
1665578.1,1,,95,56,8,50.0,1.0,56.4602,16.8478,4.1241,6.2731,0
1667578.1,1,,95,56,8,50.0,1.0,56.3602,16.8478,4.1578,6.2604,0
1669578.1,1,,95,56,8,50.0,1.0,56.2602,16.8478,4.1915,6.2478,0
1671578.1,1,,95,56,8,50.0,1.0,56.1602,16.8478,4.2252,6.2351,0
1673578.1,1,,95,56,8,50.0,1.0,56.0602,16.8478,4.2589,6.2224,0
1675578.1,1,,95,56,8,50.0,1.0,55.9602,16.8478,4.2926,6.2097,0
1677578.1,1,,95,56,8,50.0,1.0,55.8602,16.8478,4.3263,6.197,0
1679578.1,1,,95,56,8,50.0,1.0,55.7602,16.8478,4.36,6.1844,0
1681578.1,1,,95,56,8,50.0,1.0,55.6602,16.8478,4.3937,6.1717,0
1683578.1,1,,95,56,8,50.0,1.0,55.5602,16.8478,4.4274,6.159,0
1685578.1,1,,95,56,8,50.0,1.0,55.4602,16.8478,4.4611,6.1463,0
1687578.1,1,,95,56,8,50.0,1.0,55.3602,16.8478,4.4947,6.1336,0
1689578.1,1,,95,56,8,50.0,1.0,55.2602,16.8478,4.5284,6.1209,0
1691578.1,1,,95,56,8,50.0,1.0,55.1602,16.8478,4.5621,6.1083,0
1693578.1,1,,95,56,8,50.0,1.0,55.0602,16.8478,4.5958,6.0956,0
1695578.1,1,,95,56,8,50.0,1.0,54.9602,16.8478,4.6295,6.0829,0
1697578.1,1,,95,56,8,50.0,1.0,54.8602,16.8478,4.6632,6.0702,0
1699578.1,1,,95,56,8,50.0,1.0,54.7602,16.8478,4.6969,6.0575,0
1701578.1,1,,95,56,8,50.0,1.0,54.6602,16.8478,4.7306,6.0449,0
1703578.1,1,,95,56,8,50.0,1.0,54.5602,16.8478,4.7643,6.0322,0
1705578.1,1,,95,56,8,50.0,1.0,54.4602,16.8478,4.798,6.0195,0
1707578.1,1,,95,56,8,50.0,1.0,54.3602,16.8478,4.8317,6.0068,0
1709578.1,1,,95,56,8,50.0,1.0,54.2602,16.8478,4.8654,5.9941,0
1711578.1,1,,95,56,8,50.0,1.0,54.1602,16.8478,4.8991,5.9815,0
1713578.1,1,,95,56,8,50.0,1.0,54.0602,16.8478,4.9328,5.9688,0
1715578.1,1,,95,56,8,50.0,1.0,53.9602,16.8478,4.9665,5.9561,0
1717578.1,1,,95,56,8,50.0,1.0,53.8602,16.8478,5.0002,5.9434,0
1719578.1,1,,95,56,8,50.0,1.0,53.7602,16.8478,5.0339,5.9307,0
1721578.1,1,,95,56,8,50.0,1.0,53.6602,16.8478,5.0676,5.918,0
1723096.2,1,,95,56,8,50.0,1.0,53.5843,16.8478,5.0931,5.9084,0
1723578.1,1,,94,56,8,50.0,1.0,53.5602,17.0455,5.1014,5.9053,0
1725578.1,1,,94,56,8,50.0,1.0,53.4602,17.0455,5.1355,5.8924,0
1727578.1,1,,94,56,8,50.0,1.0,53.3602,17.0455,5.1695,5.8796,0
1729578.1,1,,94,56,8,50.0,1.0,53.2602,17.0455,5.2036,5.8667,0
1731578.1,1,,94,56,8,50.0,1.0,53.1602,17.0455,5.2377,5.8538,0
1733578.1,1,,94,56,8,50.0,1.0,53.0602,17.0455,5.2718,5.8409,0
1735578.1,1,,94,56,8,50.0,1.0,52.9602,17.0455,5.3059,5.828,0
1737578.1,1,,94,56,8,50.0,1.0,52.8602,17.0455,5.34,5.8152,0
1739578.1,1,,94,56,8,50.0,1.0,52.7602,17.0455,5.3741,5.8023,0
1741578.1,1,,94,56,8,50.0,1.0,52.6602,17.0455,5.4082,5.7894,0
1743578.1,1,,94,56,8,50.0,1.0,52.5602,17.0455,5.4423,5.7765,0
1745578.1,1,,94,56,8,50.0,1.0,52.4602,17.0455,5.4764,5.7637,0
1747578.1,1,,94,56,8,50.0,1.0,52.3602,17.0455,5.5105,5.7508,0
1748245.6,1,,94,56,8,50.0,1.0,52.3269,17.0455,5.5218,5.7465,0
1749578.1,1,,93,56,7,50.0,1.0,52.2602,15.0527,4.8538,5.7379,0
1751578.1,1,,93,56,7,50.0,1.0,52.1602,15.0527,4.8839,5.725,0
1753578.1,1,,93,56,7,50.0,1.0,52.0602,15.0527,4.914,5.7121,0
1755578.1,1,,93,56,7,50.0,1.0,51.9602,15.0527,4.9441,5.6993,0
1757578.1,1,,93,56,7,50.0,1.0,51.8602,15.0527,4.9742,5.6864,0
1759578.1,1,,93,56,7,50.0,1.0,51.7602,15.0527,5.0043,5.6735,0
1761578.1,1,,93,56,7,50.0,1.0,51.6602,15.0527,5.0344,5.6606,0
1763578.1,1,,93,56,7,50.0,1.0,51.5602,15.0527,5.0645,5.6477,0
1765578.1,1,,93,56,7,50.0,1.0,51.4602,15.0527,5.0946,5.6349,0
1767578.1,1,,93,56,7,50.0,1.0,51.3602,15.0527,5.1247,5.622,0
1769578.1,1,,93,56,7,50.0,1.0,51.2602,15.0527,5.1548,5.6091,0
1771578.1,1,,93,56,7,50.0,1.0,51.1602,15.0527,5.1849,5.5962,0
1773578.1,1,,93,56,7,50.0,1.0,51.0602,15.0527,5.215,5.5834,0
1775578.1,1,,93,56,7,50.0,1.0,50.9602,15.0527,5.2451,5.5705,0
1777578.1,1,,93,56,7,50.0,1.0,50.8602,15.0527,5.2752,5.5576,0
1779578.1,1,,93,56,7,50.0,1.0,50.7602,15.0527,5.3053,5.5447,0
1781578.1,1,,93,56,7,50.0,1.0,50.6602,15.0527,5.3354,5.5318,0
1782160.5,1,,93,56,7,50.0,1.0,50.6311,15.0527,5.3442,5.5281,0
1783578.1,1,,92,56,7,50.0,1.0,50.5602,15.1515,5.3657,5.519,0
1785578.1,1,,92,56,7,50.0,1.0,50.4602,15.1515,5.396,5.5061,0
1787578.1,1,,92,56,7,50.0,1.0,50.3602,15.1515,5.4263,5.4932,0
1789578.1,1,,92,56,7,50.0,1.0,50.2602,15.1515,5.4566,5.4803,0
1791578.1,1,,92,56,7,50.0,1.0,50.1602,15.1515,5.4869,5.4674,0
1793578.1,1,,92,56,7,50.0,1.0,50.0602,15.1515,5.5172,5.4546,0
1795578.1,1,,92,56,7,50.0,1.0,49.9602,15.1515,5.5475,5.4417,0
1797578.1,1,,92,56,7,50.0,1.0,49.8602,15.1515,5.5778,5.4288,0
1799578.1,1,,92,56,7,50.0,1.0,49.7602,15.1515,5.6081,5.4159,0
1801578.1,1,,92,56,7,50.0,1.0,49.6602,15.1515,5.6384,5.403,0
1803578.1,1,,92,56,7,50.0,1.0,49.5602,15.1515,5.6687,5.3902,0
1805578.1,1,,92,56,7,50.0,1.0,49.4602,15.1515,5.699,5.3773,0
1807578.1,1,,92,56,7,50.0,1.0,49.3602,15.1515,5.7293,5.3644,0
1809578.1,1,,92,56,7,50.0,1.0,49.2602,15.1515,5.7596,5.3515,0
1811578.1,1,,92,56,7,50.0,1.0,49.1602,15.1515,5.7899,5.3387,0
1813578.1,1,,92,56,7,50.0,1.0,49.0602,15.1515,5.8202,5.3258,0
1815578.1,1,,92,56,7,50.0,1.0,48.9602,15.1515,5.8505,5.3129,0
1817578.1,1,,92,56,7,50.0,1.0,48.8602,15.1515,5.8808,5.3,0
1819578.1,1,,92,56,7,50.0,1.0,48.7602,15.1515,5.9111,5.2871,0
1821578.1,1,,92,56,7,50.0,1.0,48.6602,15.1515,5.9415,5.2743,0
1823578.1,1,,92,56,7,50.0,1.0,48.5602,15.1515,5.9718,5.2614,0
1825578.1,1,,92,56,7,50.0,1.0,48.4602,15.1515,6.0021,5.2485,0
1827578.1,1,,92,56,7,50.0,1.0,48.3602,15.1515,6.0324,5.2356,0
1829578.1,1,,92,56,7,50.0,1.0,48.2602,15.1515,6.0627,5.2227,0
1831578.1,1,,92,56,7,50.0,1.0,48.1602,15.1515,6.093,5.2099,0
1833578.1,1,,92,56,7,50.0,1.0,48.0602,15.1515,6.1233,5.197,0
1835578.1,1,,92,56,7,50.0,1.0,47.9602,15.1515,6.1536,5.1841,0
1837578.1,1,,92,56,7,50.0,1.0,47.8602,15.1515,6.1839,5.1712,0
1839578.1,1,,92,56,7,50.0,1.0,47.7602,15.1515,6.2142,5.1584,0
1841578.1,1,,92,56,7,50.0,1.0,47.6602,15.1515,6.2445,5.1455,0
1843578.1,1,,92,56,7,50.0,1.0,47.5602,15.1515,6.2748,5.1326,0
1845578.1,1,,92,56,7,50.0,1.0,47.4602,15.1515,6.3051,5.1197,0
1847578.1,1,,92,56,7,50.0,1.0,47.3602,15.1515,6.3354,5.1068,0
1849578.1,1,,92,56,7,50.0,1.0,47.2602,15.1515,6.3657,5.094,0
1851578.1,1,,92,56,7,50.0,1.0,47.1602,15.1515,6.396,5.0811,0
1853578.1,1,,92,56,7,50.0,1.0,47.0602,15.1515,6.4263,5.0682,0
1855578.1,1,,92,56,7,50.0,1.0,46.9602,15.1515,6.4566,5.0553,0
1857578.1,1,,92,56,7,50.0,1.0,46.8602,15.1515,6.4869,5.0424,0
1859578.1,1,,92,56,7,50.0,1.0,46.7602,15.1515,6.5172,5.0296,0
1861578.1,1,,92,56,7,50.0,1.0,46.6602,15.1515,6.5475,5.0167,0
1863578.1,1,,92,56,7,50.0,1.0,46.5602,15.1515,6.5778,5.0038,0
1865578.1,1,,92,56,7,50.0,1.0,46.4602,15.1515,6.6081,4.9909,0
1867578.1,1,,92,56,7,50.0,1.0,46.3602,15.1515,6.6384,4.978,0
1869578.1,1,,92,56,7,50.0,1.0,46.2602,15.1515,6.6687,4.9652,0
1871578.1,1,,92,56,7,50.0,1.0,46.1602,15.1515,6.699,4.9523,0
1873578.1,1,,92,56,7,50.0,1.0,46.0602,15.1515,6.7293,4.9394,0
1875578.1,1,,92,56,7,50.0,1.0,45.9602,15.1515,6.7596,4.9265,0
1877578.1,1,,92,56,7,50.0,1.0,45.8602,15.1515,6.7899,4.9137,0
1879578.1,1,,92,56,7,50.0,1.0,45.7602,15.1515,6.8202,4.9008,0
1881578.1,1,,92,56,7,50.0,1.0,45.6602,15.1515,6.8505,4.8879,0
1883578.1,1,,92,56,7,50.0,1.0,45.5602,15.1515,6.8808,4.875,0
1885297.8,1,,92,56,7,50.0,1.0,45.4742,15.1515,6.9069,4.8639,0
1885578.1,1,,91,56,7,50.0,1.0,45.4602,15.368,6.9112,4.8621,0
1887578.1,1,,91,56,7,50.0,1.0,45.3602,15.368,6.9419,4.849,0
1888492.7,1,,91,56,7,50.0,1.0,45.3145,15.368,6.956,4.843,0
1889578.1,1,,90,56,7,50.0,1.0,45.2602,15.4762,6.9728,4.8359,0
1891578.1,1,,90,56,7,50.0,1.0,45.1602,15.4762,7.0038,4.8228,0
1891887.8,1,,90,56,7,50.0,1.0,45.1447,15.4762,7.0085,4.8208,0
1891933.3,1,,89,56,7,50.0,1.0,45.1425,15.6573,7.0093,4.8205,0
1893578.1,1,,88,56,7,50.0,1.0,45.0602,15.7764,7.0352,4.8096,0
1895578.1,1,,88,56,7,50.0,1.0,44.9602,15.7764,7.0668,4.7963,0
1897358.2,1,,88,56,7,50.0,1.0,44.8712,15.7764,7.0948,4.7845,0
1897578.1,1,,87,56,7,50.0,1.0,44.8602,15.9576,7.0984,4.783,0
1899578.1,1,,87,56,7,50.0,1.0,44.7602,15.9576,7.1303,4.7695,0
1900125.3,1,,87,56,7,50.0,1.0,44.7329,15.9576,7.139,4.7659,0
1901578.1,1,,86,56,7,50.0,1.0,44.6602,16.0891,7.1624,4.7561,0
1903578.1,1,,86,56,7,50.0,1.0,44.5602,16.0891,7.1945,4.7426,0
1905578.1,1,,86,56,7,50.0,1.0,44.4602,16.0891,7.2267,4.7292,0
1906961.1,1,,86,56,7,50.0,1.0,44.3911,16.0891,7.249,4.7199,0
1907578.1,1,,85,56,7,50.0,1.0,44.3602,16.2868,7.259,4.7157,0
1909578.1,1,,85,56,7,50.0,1.0,44.2602,16.2868,7.2916,4.702,0
1911578.1,1,,85,56,7,50.0,1.0,44.1602,16.2868,7.3242,4.6883,0
1913578.1,1,,85,56,7,50.0,1.0,44.0602,16.2868,7.3567,4.6747,0
1914315.7,1,,85,56,7,50.0,1.0,44.0234,16.2868,7.3688,4.6697,0
1915578.1,1,,84,56,7,50.0,1.0,43.9602,16.4844,7.3896,4.6609,0
1917578.1,1,,84,56,7,50.0,1.0,43.8602,16.4844,7.4225,4.6471,0
1919578.1,1,,84,56,7,50.0,1.0,43.7602,16.4844,7.4555,4.6332,0
1921578.1,1,,84,56,7,50.0,1.0,43.6602,16.4844,7.4885,4.6193,0
1923578.1,1,,84,56,7,50.0,1.0,43.5602,16.4844,7.5214,4.6055,0
1925578.1,1,,84,56,7,50.0,1.0,43.4602,16.4844,7.5544,4.5916,0
1927578.1,1,,84,56,7,50.0,1.0,43.3602,16.4844,7.5874,4.5778,0
1929578.1,1,,84,56,7,50.0,1.0,43.2602,16.4844,7.6204,4.5639,0
1931578.1,1,,84,56,7,50.0,1.0,43.1602,16.4844,7.6533,4.5501,0
1933578.1,1,,84,56,7,50.0,1.0,43.0602,16.4844,7.6863,4.5362,0
1935578.1,1,,84,56,7,50.0,1.0,42.9602,16.4844,7.7193,4.5224,0
1937578.1,1,,84,56,7,50.0,1.0,42.8602,16.4844,7.7522,4.5085,0
1939578.1,1,,84,56,7,50.0,1.0,42.7602,16.4844,7.7852,4.4947,0
1941578.1,1,,84,56,7,50.0,1.0,42.6602,16.4844,7.8182,4.4808,0
1943578.1,1,,84,56,7,50.0,1.0,42.5602,16.4844,7.8511,4.467,0
1945578.1,1,,84,56,7,50.0,1.0,42.4602,16.4844,7.8841,4.4531,0
1947578.1,1,,84,56,7,50.0,1.0,42.3602,16.4844,7.9171,4.4393,0
1949578.1,1,,84,56,7,50.0,1.0,42.2602,16.4844,7.95,4.4254,0
1951578.1,1,,84,56,7,50.0,1.0,42.1602,16.4844,7.983,4.4116,0
1952162.7,1,,84,56,7,50.0,1.0,42.131,16.4844,7.9926,4.4075,0
1953578.1,1,,83,56,7,50.0,1.0,42.0602,16.7008,8.0163,4.3976,0
1955578.1,1,,83,56,7,50.0,1.0,41.9602,16.7008,8.0497,4.3835,0
1957578.1,1,,83,56,7,50.0,1.0,41.8602,16.7008,8.0831,4.3694,0
1959578.1,1,,83,56,7,50.0,1.0,41.7602,16.7008,8.1165,4.3553,0
1960991.9,1,,83,56,7,50.0,1.0,41.6895,16.7008,8.1401,4.3454,0
1961578.1,1,,82,56,7,50.0,1.0,41.6602,16.9389,8.15,4.3412,0
1963578.1,1,,82,56,7,50.0,1.0,41.5602,16.9389,8.1839,4.3269,0
1965578.1,1,,82,56,7,50.0,1.0,41.4602,16.9389,8.2178,4.3126,0
1967578.1,1,,82,56,7,50.0,1.0,41.3602,16.9389,8.2517,4.2983,0
1969578.1,1,,82,56,7,50.0,1.0,41.2602,16.9389,8.2855,4.284,0
1971578.1,1,,82,56,7,50.0,1.0,41.1602,16.9389,8.3194,4.2697,0
1973578.1,1,,82,56,7,50.0,1.0,41.0602,16.9389,8.3533,4.2554,0
1975578.1,1,,82,56,7,50.0,1.0,40.9602,16.9389,8.3872,4.2411,0
1977578.1,1,,82,56,7,50.0,1.0,40.8602,16.9389,8.4211,4.2267,0
1979578.1,1,,82,56,7,50.0,1.0,40.7602,16.9389,8.4549,4.2124,0
1981062.3,1,,82,56,7,50.0,1.0,40.686,16.9389,8.4801,4.2018,0
1981578.1,1,,81,56,7,50.0,1.0,40.6602,17.0851,8.4889,4.1981,0
1983578.1,1,,81,56,7,50.0,1.0,40.5602,17.0851,8.5231,4.1838,0
1985578.1,1,,81,56,7,50.0,1.0,40.4602,17.0851,8.5572,4.1695,0
1987578.1,1,,81,56,7,50.0,1.0,40.3602,17.0851,8.5914,4.1552,0
1989191.4,1,,81,56,7,50.0,1.0,40.2796,17.0851,8.619,4.1437,0
1989578.1,1,,80,55,7,50.0,1.0,40.2602,17.2485,8.6256,4.1409,0
1989864.1,1,,80,55,7,50.0,1.0,40.2459,17.2485,8.6306,4.1389,0
1991578.1,1,,79,55,7,50.0,1.0,40.1602,17.465,8.6605,4.1264,0
1993578.1,1,,79,55,7,50.0,1.0,40.0602,17.465,8.6954,4.1119,0
1995578.1,1,,79,55,7,50.0,1.0,39.9602,17.465,8.7304,4.0974,0
1997578.1,1,,79,55,7,50.0,1.0,39.8602,17.465,8.7653,4.0828,0
1997811.7,1,,79,55,7,50.0,1.0,39.8485,17.465,8.7694,4.0811,0
1999578.1,1,,78,54,7,50.0,1.0,39.7602,17.7031,8.8006,4.0681,0
2001578.1,1,,78,54,7,50.0,1.0,39.6602,17.7031,8.836,4.0533,0
2002052.0,1,,78,54,7,50.0,1.0,39.6365,17.7031,8.8444,4.0498,0
2003578.1,1,,77,54,7,50.0,1.0,39.5602,17.9412,8.8718,4.0384,0
2005328.8,1,,77,54,7,50.0,1.0,39.4727,17.9412,8.9032,4.0253,0
2005578.1,1,,76,54,7,50.0,1.0,39.4602,18.2043,8.9078,4.0234,0
2007578.1,1,,76,54,7,50.0,1.0,39.3602,18.2043,8.9442,4.0081,0
2008505.5,1,,76,54,7,50.0,1.0,39.3139,18.2043,8.9611,4.001,0
2009578.1,1,,75,54,7,50.0,1.0,39.2602,18.4675,8.9809,3.9927,0
2011578.1,1,,75,54,7,50.0,1.0,39.1602,18.4675,9.0178,3.9772,0
2013578.1,1,,75,54,7,50.0,1.0,39.0602,18.4675,9.0547,3.9616,0
2015578.1,1,,75,54,7,50.0,1.0,38.9602,18.4675,9.0917,3.9461,0
2016457.0,1,,75,54,7,50.0,1.0,38.9163,18.4675,9.1079,3.9393,0
2017578.1,1,,74,54,7,50.0,1.0,38.8602,18.7307,9.1289,3.9304,0
2019569.9,1,,74,54,7,50.0,1.0,38.7606,18.7307,9.1662,3.9147,0
2019578.1,1,,73,54,7,50.0,1.0,38.7602,19.023,9.1664,3.9147,0
2021578.1,1,,73,54,7,50.0,1.0,38.6602,19.023,9.2044,3.8986,0
2023578.1,1,,73,54,7,50.0,1.0,38.5602,19.023,9.2425,3.8825,0
2025578.1,1,,73,54,7,50.0,1.0,38.4602,19.023,9.2805,3.8664,0
2027578.1,1,,73,54,7,50.0,1.0,38.3602,19.023,9.3185,3.8503,0
2029578.1,1,,73,54,7,50.0,1.0,38.2602,19.023,9.3566,3.8342,0
2031578.1,1,,73,54,7,50.0,1.0,38.1602,19.023,9.3946,3.8182,0
2033578.1,1,,73,54,7,50.0,1.0,38.0602,19.023,9.4327,3.8021,0
2035578.1,1,,73,54,7,50.0,1.0,37.9602,19.023,9.4707,3.786,0
2037578.1,1,,73,54,7,50.0,1.0,37.8602,19.023,9.5088,3.7699,0
2039578.1,1,,73,54,7,50.0,1.0,37.7602,19.023,9.5468,3.7538,0
2041578.1,1,,73,54,7,50.0,1.0,37.6602,19.023,9.5849,3.7378,0
2041688.3,1,,73,54,7,50.0,1.0,37.6547,19.023,9.587,3.7369,0
2042790.0,1,,72,54,7,50.0,1.0,37.5996,19.3498,9.6083,3.7278,0
2043578.1,1,,71,54,6,50.0,1.0,37.5602,16.4087,8.1958,3.7214,0
2045578.1,1,,71,54,6,50.0,1.0,37.4602,16.4087,8.2286,3.705,0
2047578.1,1,,71,54,6,50.0,1.0,37.3602,16.4087,8.2614,3.6885,0
2049578.1,1,,71,54,6,50.0,1.0,37.2602,16.4087,8.2943,3.6721,0
2051578.1,1,,71,54,6,50.0,1.0,37.1602,16.4087,8.3271,3.6557,0
2053578.1,1,,71,54,6,50.0,1.0,37.0602,16.4087,8.3599,3.6393,0
2055578.1,1,,71,54,6,50.0,1.0,36.9602,16.4087,8.3927,3.6229,0
2057578.1,1,,71,54,6,50.0,1.0,36.8602,16.4087,8.4255,3.6065,0
2058518.7,1,,71,54,6,50.0,1.0,36.8132,16.4087,8.441,3.5988,0
2059578.1,1,,70,54,6,50.0,1.0,36.7602,16.4087,8.4583,3.5901,0
2061578.1,1,,70,54,6,50.0,1.0,36.6602,16.4087,8.4912,3.5737,0
2063578.1,1,,70,54,6,50.0,1.0,36.5602,16.4087,8.524,3.5573,0
2065578.1,1,,70,54,6,50.0,1.0,36.4602,16.4087,8.5568,3.5409,0
2067578.1,1,,70,54,6,50.0,1.0,36.3602,16.4087,8.5896,3.5245,0
2069578.1,1,,70,54,6,50.0,1.0,36.2602,16.4087,8.6224,3.508,0
2071578.1,1,,70,54,6,50.0,1.0,36.1602,16.4087,8.6552,3.4916,0
2073578.1,1,,70,54,6,50.0,1.0,36.0602,16.4087,8.6881,3.4752,0
2075578.1,1,,70,54,6,50.0,1.0,35.9602,16.4087,8.7209,3.4588,0
2077578.1,1,,70,54,6,50.0,1.0,35.8602,16.4087,8.7537,3.4424,0
2079578.1,1,,70,54,6,50.0,1.0,35.7602,16.4087,8.7865,3.426,0
2081578.1,1,,70,54,6,50.0,1.0,35.6602,16.4087,8.8193,3.4096,0
2083578.1,1,,70,54,6,50.0,1.0,35.5602,16.4087,8.8522,3.3932,0
2084773.0,1,,70,54,6,50.0,1.0,35.5005,16.4087,8.8718,3.3834,0
2085578.1,1,,69,54,6,50.0,1.0,35.4602,16.7011,8.8852,3.3767,0
2086265.7,1,,69,54,6,50.0,1.0,35.4258,16.7011,8.8967,3.3709,0
2087578.1,1,,68,54,6,50.0,1.0,35.3602,16.9935,8.919,3.3598,0
2089578.1,1,,68,54,6,50.0,1.0,35.2602,16.9935,8.953,3.3428,0
2091578.1,1,,68,54,6,50.0,1.0,35.1602,16.9935,8.987,3.3258,0
2093578.1,1,,68,54,6,50.0,1.0,35.0602,16.9935,9.021,3.3088,0
2095578.1,1,,68,54,6,50.0,1.0,34.9602,16.9935,9.0549,3.2918,0
2097578.1,1,,68,54,6,50.0,1.0,34.8602,16.9935,9.0889,3.2748,0
2099578.1,1,,68,54,6,50.0,1.0,34.7602,16.9935,9.1229,3.2578,0
2101578.1,1,,68,54,6,50.0,1.0,34.6602,16.9935,9.1569,3.2408,0
2103578.1,1,,68,54,6,50.0,1.0,34.5602,16.9935,9.1909,3.2238,0
2105578.1,1,,68,54,6,50.0,1.0,34.4602,16.9935,9.2249,3.2068,0
2107578.1,1,,68,54,6,50.0,1.0,34.3602,16.9935,9.2589,3.1898,0
2109578.1,1,,68,54,6,50.0,1.0,34.2602,16.9935,9.2928,3.1728,0
2110128.3,1,,68,54,6,50.0,1.0,34.2327,16.9935,9.3022,3.1682,0
2111578.1,1,,66,54,6,50.0,1.0,34.1602,16.9935,9.3268,3.1558,0
2113578.1,1,,66,54,6,50.0,1.0,34.0602,16.9935,9.3608,3.1389,0
2115578.1,1,,66,54,6,50.0,1.0,33.9602,16.9935,9.3948,3.1219,0
2117578.1,1,,66,54,6,50.0,1.0,33.8602,16.9935,9.4288,3.1049,0
2119578.1,1,,66,54,6,50.0,1.0,33.7602,16.9935,9.4628,3.0879,0
2121578.1,1,,66,54,6,50.0,1.0,33.6602,16.9935,9.4968,3.0709,0
2123578.1,1,,66,54,6,50.0,1.0,33.5602,16.9935,9.5308,3.0539,0
2125578.1,1,,66,54,6,50.0,1.0,33.4602,16.9935,9.5647,3.0369,0
2127578.1,1,,66,54,6,50.0,1.0,33.3602,16.9935,9.5987,3.0199,0
2129578.1,1,,66,54,6,50.0,1.0,33.2602,16.9935,9.6327,3.0029,0
2131578.1,1,,66,54,6,50.0,1.0,33.1602,16.9935,9.6667,2.9859,0
2133578.1,1,,66,54,6,50.0,1.0,33.0602,16.9935,9.7007,2.9689,0
2135531.5,1,,66,54,6,50.0,1.0,32.9626,16.9935,9.7339,2.9523,0
2135578.1,1,,65,53,6,50.0,1.0,32.9602,17.3611,9.7347,2.9519,0
2137578.1,1,,65,53,6,50.0,1.0,32.8602,17.3611,9.7694,2.9346,0
2139578.1,1,,65,53,6,50.0,1.0,32.7602,17.3611,9.8041,2.9172,0
2141578.1,1,,65,53,6,50.0,1.0,32.6602,17.3611,9.8389,2.8998,0
2143578.1,1,,65,53,6,50.0,1.0,32.5602,17.3611,9.8736,2.8825,0
2145578.1,1,,65,53,6,50.0,1.0,32.4602,17.3611,9.9083,2.8651,0
2147578.1,1,,65,53,6,50.0,1.0,32.3602,17.3611,9.943,2.8478,0
2149578.1,1,,65,53,6,50.0,1.0,32.2602,17.3611,9.9777,2.8304,0
2151578.1,1,,65,53,6,50.0,1.0,32.1602,17.3611,10.0125,2.813,0
2152602.7,1,,65,53,6,50.0,1.0,32.109,17.3611,10.0303,2.8041,0
2153578.1,1,,64,53,6,50.0,1.0,32.0602,17.6879,10.0475,2.7955,0
2155578.1,1,,64,53,6,50.0,1.0,31.9602,17.6879,10.0829,2.7778,0
2157578.1,1,,64,53,6,50.0,1.0,31.8602,17.6879,10.1183,2.7601,0
2159578.1,1,,64,53,6,50.0,1.0,31.7602,17.6879,10.1536,2.7424,0
2161578.1,1,,64,53,6,50.0,1.0,31.6602,17.6879,10.189,2.7248,0
2163578.1,1,,64,53,6,50.0,1.0,31.5602,17.6879,10.2244,2.7071,0
2165578.1,1,,64,53,6,50.0,1.0,31.4602,17.6879,10.2598,2.6894,0
2167578.1,1,,64,53,6,50.0,1.0,31.3602,17.6879,10.2951,2.6717,0
2169578.1,1,,64,53,6,50.0,1.0,31.2602,17.6879,10.3305,2.654,0
2171578.1,1,,64,53,6,50.0,1.0,31.1602,17.6879,10.3659,2.6363,0
2173578.1,1,,64,53,6,50.0,1.0,31.0602,17.6879,10.4013,2.6186,0
2175578.1,1,,64,53,6,50.0,1.0,30.9602,17.6879,10.4366,2.6009,0
2177578.1,1,,64,53,6,50.0,1.0,30.8602,17.6879,10.472,2.5833,0
2179578.1,1,,64,53,6,50.0,1.0,30.7602,17.6879,10.5074,2.5656,0
2181578.1,1,,64,53,6,50.0,1.0,30.6602,17.6879,10.5428,2.5479,0
2183578.1,1,,64,53,6,50.0,1.0,30.5602,17.6879,10.5782,2.5302,0
2185578.1,1,,64,53,6,50.0,1.0,30.4602,17.6879,10.6135,2.5125,0
2186535.8,1,,64,53,6,50.0,1.0,30.4123,17.6879,10.6305,2.504,0
2187418.7,1,,63,53,6,50.0,1.0,30.3682,18.0147,10.6464,2.4961,0
2187578.1,1,,62,53,6,50.0,1.0,30.3602,18.3824,10.6493,2.4946,0
2189578.1,1,,62,53,6,50.0,1.0,30.2602,18.3824,10.6861,2.4762,0
2191578.1,1,,62,53,6,50.0,1.0,30.1602,18.3824,10.7228,2.4578,0
2193578.1,1,,62,53,6,50.0,1.0,30.0602,18.3824,10.7596,2.4395,0
2195578.1,1,,62,53,6,50.0,1.0,29.9602,18.3824,10.7964,2.4211,0
2197578.1,1,,62,53,6,50.0,1.0,29.8602,18.3824,10.8331,2.4027,0
2199578.1,1,,62,53,6,50.0,1.0,29.7602,18.3824,10.8699,2.3843,0
2201578.1,1,,62,53,6,50.0,1.0,29.6602,18.3824,10.9067,2.3659,0
2203184.2,1,,62,53,6,50.0,1.0,29.5799,18.3824,10.9362,2.3512,0
2203578.1,1,,61,53,5,50.0,1.0,29.5602,15.4657,9.1114,2.3475,0
2205578.1,1,,61,53,5,50.0,1.0,29.4602,15.4657,9.1423,2.3287,0
2207578.1,1,,61,53,5,50.0,1.0,29.3602,15.4657,9.1732,2.3099,0
2209578.1,1,,61,53,5,50.0,1.0,29.2602,15.4657,9.2042,2.2911,0
2211578.1,1,,61,53,5,50.0,1.0,29.1602,15.4657,9.2351,2.2723,0
2212322.4,1,,61,53,5,50.0,1.0,29.123,15.4657,9.2466,2.2653,0
2213578.1,1,,60,53,4,50.0,1.0,29.0602,12.549,7.3864,2.2532,0
2215578.1,1,,60,53,4,50.0,1.0,28.9602,12.549,7.4115,2.234,0
2217578.1,1,,60,53,4,50.0,1.0,28.8602,12.549,7.4366,2.2148,0
2219578.1,1,,60,53,4,50.0,1.0,28.7602,12.549,7.4617,2.1956,0
2221578.1,1,,60,53,4,50.0,1.0,28.6602,12.549,7.4868,2.1764,0
2223578.1,1,,60,53,4,50.0,1.0,28.5602,12.549,7.5119,2.1571,0
2225578.1,1,,60,53,4,50.0,1.0,28.4602,12.549,7.537,2.1379,0
2227578.1,1,,60,53,4,50.0,1.0,28.3602,12.549,7.5621,2.1187,0
2229578.1,1,,60,53,4,50.0,1.0,28.2602,12.549,7.5872,2.1122,0
2231446.6,1,,60,53,4,50.0,1.0,28.1668,12.549,7.6106,2.109,0
2231578.1,1,,58,53,3,50.0,1.0,28.1602,9.2157,5.6867,2.1087,0
2233578.1,1,,58,53,3,50.0,1.0,28.0602,9.2157,5.7051,2.1053,0
2235578.1,1,,58,53,3,50.0,1.0,27.9602,9.2157,5.7236,2.1019,0
2237578.1,1,,58,53,3,50.0,1.0,27.8602,9.2157,5.742,2.0985,0
2239578.1,1,,58,53,3,50.0,1.0,27.7602,9.2157,5.7604,2.0951,0
2241578.1,1,,58,53,3,50.0,1.0,27.6602,9.2157,5.7789,2.0917,0
2243578.1,1,,58,53,3,50.0,1.0,27.5602,9.2157,5.7973,2.0883,0
2245578.1,1,,58,53,3,50.0,1.0,27.4602,9.2157,5.8157,2.0849,0
2247578.1,1,,58,53,3,50.0,1.0,27.3602,9.2157,5.8342,2.0814,0
2249578.1,1,,58,53,3,50.0,1.0,27.2602,9.2157,5.8526,2.078,0
2251578.1,1,,58,53,3,50.0,1.0,27.1602,9.2157,5.871,2.0746,0
2253578.1,1,,58,53,3,50.0,1.0,27.0602,9.2157,5.8895,2.0712,0
2255578.1,1,,58,53,3,50.0,1.0,26.9602,9.2157,5.9079,2.0678,0
2257578.1,1,,58,53,3,50.0,1.0,26.8602,9.2157,5.9263,2.0644,0
2259578.1,1,,58,53,3,50.0,1.0,26.7602,9.2157,5.9447,2.061,0
2261578.1,1,,58,53,3,50.0,1.0,26.6602,9.2157,5.9632,2.0576,0
2262862.2,1,,58,53,3,50.0,1.0,26.596,9.2157,5.975,2.0554,0
2263578.1,1,,57,52,3,50.0,1.0,26.5602,9.4538,5.9818,2.0541,0
2264523.7,1,,57,52,3,50.0,1.0,26.513,9.4538,5.9907,2.0524,0
2265578.1,1,,56,52,3,50.0,1.0,26.4602,9.8214,6.0011,2.0505,0
2267578.1,1,,56,52,3,50.0,1.0,26.3602,9.8214,6.0207,2.047,0
2268455.8,1,,56,52,3,50.0,1.0,26.3163,9.8214,6.0293,2.0454,0
2269578.1,1,,55,52,2,50.0,1.0,26.2602,6.9048,4.0546,2.0433,0
2271578.1,1,,55,52,2,50.0,1.0,26.1602,6.9048,4.0684,2.0397,0
2273578.1,1,,55,52,2,50.0,1.0,26.0602,6.9048,4.0822,2.036,0
2275578.1,1,,55,52,2,50.0,1.0,25.9602,6.9048,4.0961,2.0324,0
2277578.1,1,,55,52,2,50.0,1.0,25.8602,6.9048,4.1099,2.0287,0
2279578.1,1,,55,52,2,50.0,1.0,25.7602,6.9048,4.1237,2.0251,0
2281578.1,1,,55,52,2,50.0,1.0,25.6602,6.9048,4.1375,2.0214,0
2283578.1,1,,55,52,2,50.0,1.0,25.5602,6.9048,4.1513,2.0178,0
2285578.1,1,,55,52,2,50.0,1.0,25.4602,6.9048,4.1651,2.0141,0
2287578.1,1,,55,52,2,50.0,1.0,25.3602,6.9048,4.1789,2.0105,0
2289578.1,1,,55,52,2,50.0,1.0,25.2602,6.9048,4.1927,2.0068,0
2291578.1,1,,55,52,2,50.0,1.0,25.1602,6.9048,4.2065,2.0032,0
2293578.1,1,,55,52,2,50.0,1.0,25.0602,6.9048,4.2203,1.9995,0
2295578.1,1,,55,52,2,50.0,1.0,24.9602,6.9048,4.2341,1.9959,0
2297578.1,1,,55,52,2,50.0,1.0,24.8602,6.9048,4.248,1.9923,0
2299578.1,1,,55,52,2,50.0,1.0,24.7602,6.9048,4.2618,1.9886,0
2301578.1,1,,55,52,2,50.0,1.0,24.6602,6.9048,4.2756,1.985,0
2303578.1,1,,55,52,2,50.0,1.0,24.5602,6.9048,4.2894,1.9813,0
2305578.1,1,,55,52,2,50.0,1.0,24.4602,6.9048,4.3032,1.9777,0
2307578.1,1,,55,52,2,50.0,1.0,24.3602,6.9048,4.317,1.974,0
2308797.7,1,,55,52,2,50.0,1.0,24.2992,6.9048,4.3254,1.9718,0
2309578.1,1,,54,51,2,50.0,1.0,24.2602,7.1429,4.331,1.9703,0
2311578.1,1,,54,51,2,50.0,1.0,24.1602,7.1429,4.3453,1.9665,0
2313578.1,1,,54,51,2,50.0,1.0,24.0602,7.1429,4.3596,1.9628,0
2315578.1,1,,54,51,2,50.0,1.0,23.9602,7.1429,4.3739,1.959,0
2317578.1,1,,54,51,2,50.0,1.0,23.8602,7.1429,4.3881,1.9552,0
2319578.1,1,,54,51,2,50.0,1.0,23.7602,7.1429,4.4024,1.9514,0
2321578.1,1,,54,51,2,50.0,1.0,23.6602,7.1429,4.4167,1.9476,0
2323578.1,1,,54,51,2,50.0,1.0,23.5602,7.1429,4.431,1.9439,0
2325578.1,1,,54,51,2,50.0,1.0,23.4602,7.1429,4.4453,1.9401,0
2327578.1,1,,54,51,2,50.0,1.0,23.3602,7.1429,4.4596,1.9363,0
2329578.1,1,,54,51,2,50.0,1.0,23.2602,7.1429,4.4739,1.9325,0
2331578.1,1,,54,51,2,50.0,1.0,23.1602,7.1429,4.4881,1.9287,0
2333578.1,1,,54,51,2,50.0,1.0,23.0602,7.1429,4.5024,1.925,0
2335578.1,1,,54,51,2,50.0,1.0,22.9602,7.1429,4.5167,1.9212,0
2337578.1,1,,54,51,2,50.0,1.0,22.8602,7.1429,4.531,1.9174,0
2339578.1,1,,54,51,2,50.0,1.0,22.7602,7.1429,4.5453,1.9136,0
2341578.1,1,,54,51,2,50.0,1.0,22.6602,7.1429,4.5596,1.9098,0
2343578.1,1,,54,51,2,50.0,1.0,22.5602,7.1429,4.5739,1.9061,0
2345578.1,1,,54,51,2,50.0,1.0,22.4602,7.1429,4.5881,1.9023,0
2347578.1,1,,54,51,2,50.0,1.0,22.3602,7.1429,4.6024,1.8985,0
2349578.1,1,,54,51,2,50.0,1.0,22.2602,7.1429,4.6167,1.8947,0
2351578.1,1,,54,51,2,50.0,1.0,22.1602,7.1429,4.631,1.8909,0
2353578.1,1,,54,51,2,50.0,1.0,22.0602,7.1429,4.6453,1.8872,0
2355578.1,1,,54,51,2,50.0,1.0,21.9602,7.1429,4.6596,1.8834,0
2357578.1,1,,54,51,2,50.0,1.0,21.8602,7.1429,4.6739,1.8796,0
2359578.1,1,,54,51,2,50.0,1.0,21.7602,7.1429,4.6881,1.8758,0
2361578.1,1,,54,51,2,50.0,1.0,21.6602,7.1429,4.7024,1.8721,0
2363578.1,1,,54,51,2,50.0,1.0,21.5602,7.1429,4.7167,1.8683,0
2365578.1,1,,54,51,2,50.0,1.0,21.4602,7.1429,4.731,1.8645,0
2367578.1,1,,54,51,2,50.0,1.0,21.3602,7.1429,4.7453,1.8607,0
2369578.1,1,,54,51,2,50.0,1.0,21.2602,7.1429,4.7596,1.8569,0
2371578.1,1,,54,51,2,50.0,1.0,21.1602,7.1429,4.7739,1.8532,0
2373578.1,1,,54,51,2,50.0,1.0,21.0602,7.1429,4.7881,1.8494,0
2375578.1,1,,54,51,2,50.0,1.0,20.9602,7.1429,4.8024,1.8456,0
2377346.1,1,,54,51,2,50.0,1.0,20.8718,7.1429,4.8151,1.8423,0
2377578.1,1,,53,51,2,50.0,1.0,20.8602,7.1429,4.8167,1.8418,0
2379578.1,1,,53,51,2,50.0,1.0,20.7602,7.1429,4.831,1.8381,0
2381578.1,1,,53,51,2,50.0,1.0,20.6602,7.1429,4.8453,1.8344,0
2383578.1,1,,53,51,2,50.0,1.0,20.5602,7.1429,4.8596,1.8307,0
2385578.1,1,,53,51,2,50.0,1.0,20.4602,7.1429,4.8739,1.827,0
2387578.1,1,,53,51,2,50.0,1.0,20.3602,7.1429,4.8881,1.8233,0
2389578.1,1,,53,51,2,50.0,1.0,20.2602,7.1429,4.9024,1.8196,0
2391578.1,1,,53,51,2,50.0,1.0,20.1602,7.1429,4.9167,1.8159,0
2393578.1,1,,53,51,2,50.0,1.0,20.0602,7.1429,4.931,1.8122,0
2395578.1,1,,53,51,2,50.0,1.0,19.9602,7.1429,4.9453,1.8085,0
2397578.1,1,,53,51,2,50.0,1.0,19.8602,7.1429,4.9596,1.8048,0
2399578.1,1,,53,51,2,50.0,1.0,19.7602,7.1429,4.9739,1.8011,0
2401578.1,1,,53,51,2,50.0,1.0,19.6602,7.1429,4.9881,1.7974,0
2403578.1,1,,53,51,2,50.0,1.0,19.5602,7.1429,5.0024,1.7937,0
2405578.1,1,,53,51,2,50.0,1.0,19.4602,7.1429,5.0167,1.79,0
2407517.5,1,,53,51,2,50.0,1.0,19.3633,7.1429,5.0306,1.7864,0
2407578.1,1,,52,50,2,50.0,1.0,19.3602,7.1429,5.031,1.7863,0
2409578.1,1,,52,50,2,50.0,1.0,19.2602,7.1429,5.0453,1.7826,0
2411578.1,1,,52,50,2,50.0,1.0,19.1602,7.1429,5.0596,1.7789,0
2413578.1,1,,52,50,2,50.0,1.0,19.0602,7.1429,5.0739,1.7752,0
2415578.1,1,,52,50,2,50.0,1.0,18.9602,7.1429,5.0881,1.7715,0
2417578.1,1,,52,50,2,50.0,1.0,18.8602,7.1429,5.1024,1.7678,0
2419578.1,1,,52,50,2,50.0,1.0,18.7602,7.1429,5.1167,1.7641,0
2419836.4,1,,52,50,2,50.0,1.0,18.7473,7.1429,5.1186,1.7636,0
2421578.1,1,,51,50,1,50.0,1.0,18.6602,3.5714,2.5197,1.7603,0
2421667.8,1,,51,50,1,50.0,1.0,18.6557,3.5714,2.52,1.7601,0
2423578.1,1,,50,49,1,50.0,1.0,18.5602,3.5714,2.5269,1.7565,0
2425578.1,1,,50,49,1,50.0,1.0,18.4602,3.5714,2.534,1.7527,0
2427578.1,1,,50,49,1,50.0,1.0,18.3602,3.5714,2.5412,1.749,0
2429578.1,1,,50,49,1,50.0,1.0,18.2602,3.5714,2.5483,1.7452,0
2430461.0,1,,50,49,1,50.0,1.0,18.2161,3.5714,2.5514,1.7435,0
2431578.1,1,,49,48,1,50.0,1.0,18.1602,3.5714,2.5554,1.7414,0
2433578.1,1,,49,48,1,50.0,1.0,18.0602,3.5714,2.5626,1.7376,0
2435578.1,1,,49,48,1,50.0,1.0,17.9602,3.5714,2.5697,1.7339,0
2437578.1,1,,49,48,1,50.0,1.0,17.8602,3.5714,2.5769,1.7301,0
2439578.1,1,,49,48,1,50.0,1.0,17.7602,3.5714,2.584,1.7263,0
2441578.1,1,,49,48,1,50.0,1.0,17.6602,3.5714,2.5912,1.7225,0
2443578.1,1,,49,48,1,50.0,1.0,17.5602,3.5714,2.5983,1.7187,0
2444839.0,1,,49,48,1,50.0,1.0,17.4972,3.5714,2.6028,1.7164,0
2445578.1,1,,48,47,1,50.0,1.0,17.4602,3.5714,2.6054,1.7149,0
2447578.1,1,,48,47,1,50.0,1.0,17.3602,3.5714,2.6126,1.711,0
2449578.1,1,,48,47,1,50.0,1.0,17.2602,3.5714,2.6197,1.707,0
2451578.1,1,,48,47,1,50.0,1.0,17.1602,3.5714,2.6269,1.7031,0
2452562.9,1,,48,47,1,50.0,1.0,17.111,3.5714,2.6304,1.7012,0
2453578.1,1,,47,46,1,50.0,1.0,17.0602,3.5714,2.634,1.6991,0
2455578.1,1,,47,46,1,50.0,1.0,16.9602,3.5714,2.6412,1.6949,0
2457578.1,1,,47,46,1,50.0,1.0,16.8602,3.5714,2.6483,1.6908,0
2459578.1,1,,47,46,1,50.0,1.0,16.7602,3.5714,2.6554,1.6867,0
2461578.1,1,,47,46,1,50.0,1.0,16.6602,3.5714,2.6626,1.6825,0
2463578.1,1,,47,46,1,50.0,1.0,16.5602,3.5714,2.6697,1.6784,0
2465578.1,1,,47,46,1,50.0,1.0,16.4602,3.5714,2.6769,1.6743,0
2467578.1,1,,47,46,1,50.0,1.0,16.3602,3.5714,2.684,1.6701,0
2469578.1,1,,47,46,1,50.0,1.0,16.2602,3.5714,2.6912,1.666,0
2471578.1,1,,47,46,1,50.0,1.0,16.1602,3.5714,2.6983,1.6619,0
2473578.1,1,,47,46,1,50.0,1.0,16.0602,3.5714,2.7054,1.6577,0
2475578.1,1,,47,46,1,50.0,1.0,15.9602,3.5714,2.7126,1.6536,0
2477578.1,1,,47,46,1,50.0,1.0,15.8602,3.5714,2.7197,1.6495,0
2479578.1,1,,47,46,1,50.0,1.0,15.7602,3.5714,2.7269,1.6453,0
2479877.4,1,,47,46,1,50.0,1.0,15.7453,3.5714,2.7279,1.6447,0
2481578.1,1,,46,46,0,50.0,1.0,15.6602,0,0.0,1.6411,0
2483578.1,1,,46,46,0,50.0,1.0,15.5602,0,0.0,1.637,0
2485578.1,1,,46,46,0,50.0,1.0,15.4602,0,0.0,1.6328,0
2487578.1,1,,46,46,0,50.0,1.0,15.3602,0,0.0,1.6286,0
2489578.1,1,,46,46,0,50.0,1.0,15.2602,0,0.0,1.6244,0
2491578.1,1,,46,46,0,50.0,1.0,15.1602,0,0.0,1.6202,0
2493578.1,1,,46,46,0,50.0,1.0,15.0602,0,0.0,1.616,0
2495578.1,1,,46,46,0,50.0,1.0,14.9602,0,0.0,1.6118,0
2497578.1,1,,46,46,0,50.0,1.0,14.8602,0,0.0,1.6076,0
2499578.1,1,,46,46,0,50.0,1.0,14.7602,0,0.0,1.6034,0
2501578.1,1,,46,46,0,50.0,1.0,14.6602,0,0.0,1.5992,0
2503578.1,1,,46,46,0,50.0,1.0,14.5602,0,0.0,1.595,0
2505578.1,1,,46,46,0,50.0,1.0,14.4602,0,0.0,1.5908,0
2506534.8,1,,46,46,0,50.0,1.0,14.4124,0,0.0,1.5888,0
2507578.1,1,,45,45,0,50.0,1.0,14.3602,0,0.0,1.5865,0
2509578.1,1,,45,45,0,50.0,1.0,14.2602,0,0.0,1.5822,0
2511578.1,1,,45,45,0,50.0,1.0,14.1602,0,0.0,1.5778,0
2513578.1,1,,45,45,0,50.0,1.0,14.0602,0,0.0,1.5735,0
2515578.1,1,,45,45,0,50.0,1.0,13.9602,0,0.0,1.5691,0
2517578.1,1,,45,45,0,50.0,1.0,13.8602,0,0.0,1.5647,0
2518331.3,1,,45,45,0,50.0,1.0,13.8226,0,0.0,1.5631,0
2519578.1,1,,44,44,0,50.0,1.0,13.7602,0,0.0,1.5603,0
2521578.1,1,,44,44,0,50.0,1.0,13.6602,0,0.0,1.5557,0
2523578.1,1,,44,44,0,50.0,1.0,13.5602,0,0.0,1.5512,0
2524155.9,1,,44,44,0,50.0,1.0,13.5313,0,0.0,1.5499,0
2525578.1,1,,43,43,0,50.0,1.0,13.4602,0,0.0,1.5465,0
2527578.1,1,,43,43,0,50.0,1.0,13.3602,0,0.0,1.5417,0
2529578.1,1,,43,43,0,50.0,1.0,13.2602,0,0.0,1.5369,0
2531578.1,1,,43,43,0,50.0,1.0,13.1602,0,0.0,1.5321,0
2533578.1,1,,43,43,0,50.0,1.0,13.0602,0,0.0,1.5274,0
2535578.1,1,,43,43,0,50.0,1.0,12.9602,0,0.0,1.5226,0
2537578.1,1,,43,43,0,50.0,1.0,12.8602,0,0.0,1.5178,0
2539578.1,1,,43,43,0,50.0,1.0,12.7602,0,0.0,1.5131,0
2541578.1,1,,43,43,0,50.0,1.0,12.6602,0,0.0,1.5083,0
2543578.1,1,,43,43,0,50.0,1.0,12.5602,0,0.0,1.5035,0
2545578.1,1,,43,43,0,50.0,1.0,12.4602,0,0.0,1.4987,0
2547578.1,1,,43,43,0,50.0,1.0,12.3602,0,0.0,1.494,0
2549578.1,1,,43,43,0,50.0,1.0,12.2602,0,0.0,1.4892,0
2551578.1,1,,43,43,0,50.0,1.0,12.1602,0,0.0,1.4844,0
2553578.1,1,,43,43,0,50.0,1.0,12.0602,0,0.0,1.4796,0
2554376.1,1,,43,43,0,50.0,1.0,12.0203,0,0.0,1.4777,0
2555578.1,1,,42,42,0,50.0,1.0,11.9602,0,0.0,1.4747,0
2555719.4,1,,42,42,0,50.0,1.0,11.9532,0,0.0,1.4744,0
2557578.1,1,,41,41,0,50.0,1.0,11.8602,0,0.0,1.4697,0
2559578.1,1,,41,41,0,50.0,1.0,11.7602,0,0.0,1.4647,0
2561578.1,1,,41,41,0,50.0,1.0,11.6602,0,0.0,1.4597,0
2562273.0,1,,41,41,0,50.0,1.0,11.6255,0,0.0,1.458,0
2563578.1,1,,40,40,0,50.0,1.0,11.5602,0,0.0,1.4547,0
2565578.1,1,,40,40,0,50.0,1.0,11.4602,0,0.0,1.4497,0
2566754.3,1,,40,40,0,50.0,1.0,11.4014,0,0.0,1.4468,0
2567578.1,1,,39,39,0,50.0,1.0,11.3602,0,0.0,1.4446,0
2569578.1,1,,39,39,0,50.0,1.0,11.2602,0,0.0,1.4393,0
2571120.3,1,,39,39,0,50.0,1.0,11.1831,0,0.0,1.4353,0
2571578.1,1,,38,38,0,50.0,1.0,11.1602,0,0.0,1.4341,0
2573578.1,1,,38,38,0,50.0,1.0,11.0602,0,0.0,1.4288,0
2574036.9,1,,38,38,0,50.0,1.0,11.0373,0,0.0,1.4276,0
2575578.1,1,,37,37,0,50.0,1.0,10.9602,0,0.0,1.4233,0
2577578.1,1,,37,37,0,50.0,1.0,10.8602,0,0.0,1.4177,0
2579578.1,1,,37,37,0,50.0,1.0,10.7602,0,0.0,1.4122,0
2581578.1,1,,37,37,0,50.0,1.0,10.6602,0,0.0,1.4066,0
2583578.1,1,,37,37,0,50.0,1.0,10.5602,0,0.0,1.4011,0
2584449.0,1,,37,37,0,50.0,1.0,10.5167,0,0.0,1.3987,0
2585578.1,1,,36,36,0,50.0,1.0,10.4602,0,0.0,1.3953,0
2587578.1,1,,36,36,0,50.0,1.0,10.3602,0,0.0,1.3894,0
2589578.1,1,,36,36,0,50.0,1.0,10.2602,0,0.0,1.3835,0
2590020.0,1,,36,36,0,50.0,1.0,10.2381,0,0.0,1.3822,0
2591578.1,1,,35,35,0,50.0,1.0,10.1602,0,0.0,1.3776,0
2593578.1,1,,35,35,0,50.0,1.0,10.0602,0,0.0,1.3717,0
2594680.7,1,,35,35,0,50.0,1.0,10.0051,0,0.0,1.3685,0
2594713.3,1,,34,34,0,50.0,1.0,10.0035,0,0.0,1.3684,0
2595578.1,1,,33,33,0,50.0,1.0,9.9602,0,0.0,1.3657,0
2596573.6,1,,33,33,0,50.0,1.0,9.9105,0,0.0,1.3625,0
2597578.1,1,,32,32,0,50.0,1.0,9.8602,0,0.0,1.3594,0
2599578.1,1,,32,32,0,50.0,1.0,9.7602,0,0.0,1.3532,0
2601578.1,1,,32,32,0,50.0,1.0,9.6602,0,0.0,1.3469,0
2601594.6,1,,32,32,0,50.0,1.0,9.6594,0,0.0,1.3469,0
2603578.1,1,,31,31,0,50.0,1.0,9.5602,0,0.0,1.3407,0
2605578.1,1,,31,31,0,50.0,1.0,9.4602,0,0.0,1.3344,0
2607578.1,1,,31,31,0,50.0,1.0,9.3602,0,0.0,1.3282,0
2609578.1,1,,31,31,0,50.0,1.0,9.2602,0,0.0,1.3219,0
2611578.1,1,,31,31,0,50.0,1.0,9.1602,0,0.0,1.3157,0
2613578.1,1,,31,31,0,50.0,1.0,9.0602,0,0.0,1.3094,0
2615578.1,1,,31,31,0,50.0,1.0,8.9602,0,0.0,1.3032,0
2617323.2,1,,31,31,0,50.0,1.0,8.873,0,0.0,1.2977,0
2617578.1,1,,30,30,0,50.0,1.0,8.8602,0,0.0,1.2969,0
2619578.1,1,,30,30,0,50.0,1.0,8.7602,0,0.0,1.2907,0
2621578.1,1,,30,30,0,50.0,1.0,8.6602,0,0.0,1.2844,0
2623115.7,1,,30,30,0,50.0,1.0,8.5834,0,0.0,1.2796,0
2623578.1,1,,29,29,0,50.0,1.0,8.5602,0,0.0,1.2782,0
2625578.1,1,,29,29,0,50.0,1.0,8.4602,0,0.0,1.2719,0
2627578.1,1,,29,29,0,50.0,1.0,8.3602,0,0.0,1.2657,0
2629578.1,1,,29,29,0,50.0,1.0,8.2602,0,0.0,1.2594,0
2631578.1,1,,29,29,0,50.0,1.0,8.1602,0,0.0,1.2532,0
2633578.1,1,,29,29,0,50.0,1.0,8.0602,0,0.0,1.2469,0
2635578.1,1,,29,29,0,50.0,1.0,7.9602,0,0.0,1.2407,0
2637578.1,1,,29,29,0,50.0,1.0,7.8602,0,0.0,1.2344,0
2639578.1,1,,29,29,0,50.0,1.0,7.7602,0,0.0,1.2282,0
2641578.1,1,,29,29,0,50.0,1.0,7.6602,0,0.0,1.2219,0
2643578.1,1,,29,29,0,50.0,1.0,7.5602,0,0.0,1.2157,0
2645578.1,1,,29,29,0,50.0,1.0,7.4602,0,0.0,1.2094,0
2647363.6,1,,29,29,0,50.0,1.0,7.371,0,0.0,1.2038,0
2647578.1,1,,27,27,0,50.0,1.0,7.3602,0,0.0,1.203,0
2649578.1,1,,27,27,0,50.0,1.0,7.2602,0,0.0,1.1958,0
2651578.1,1,,27,27,0,50.0,1.0,7.1602,0,0.0,1.1885,0
2653578.1,1,,27,27,0,50.0,1.0,7.0602,0,0.0,1.1812,0
2655578.1,1,,27,27,0,50.0,1.0,6.9602,0,0.0,1.1739,0
2657578.1,1,,27,27,0,50.0,1.0,6.8602,0,0.0,1.1666,0
2659578.1,1,,27,27,0,50.0,1.0,6.7602,0,0.0,1.1593,0
2659815.9,1,,27,27,0,50.0,1.0,6.7483,0,0.0,1.1584,0
2661126.1,1,,26,26,0,50.0,1.0,6.6828,0,0.0,1.1537,0
2661578.1,1,,25,25,0,50.0,1.0,6.6602,0,0.0,1.1518,0
2663578.1,1,,25,25,0,50.0,1.0,6.5602,0,0.0,1.1437,0
2665578.1,1,,25,25,0,50.0,1.0,6.4602,0,0.0,1.1356,0
2667578.1,1,,25,25,0,50.0,1.0,6.3602,0,0.0,1.1274,0
2669578.1,1,,25,25,0,50.0,1.0,6.2602,0,0.0,1.1193,0
2671578.1,1,,25,25,0,50.0,1.0,6.1602,0,0.0,1.1112,0
2673578.1,1,,25,25,0,50.0,1.0,6.0602,0,0.0,1.1031,0
2675578.1,1,,25,25,0,50.0,1.0,5.9602,0,0.0,1.0949,0
2675871.7,1,,25,25,0,50.0,1.0,5.9455,0,0.0,1.0937,0
2677578.1,1,,24,24,0,50.0,1.0,5.8602,0,0.0,1.0857,0
2679578.1,1,,24,24,0,50.0,1.0,5.7602,0,0.0,1.0764,0
2681578.1,1,,24,24,0,50.0,1.0,5.6602,0,0.0,1.067,0
2683578.1,1,,24,24,0,50.0,1.0,5.5602,0,0.0,1.0576,0
2685578.1,1,,24,24,0,50.0,1.0,5.4602,0,0.0,1.0482,0
2687578.1,1,,24,24,0,50.0,1.0,5.3602,0,0.0,1.0389,0
2689578.1,1,,24,24,0,50.0,1.0,5.2602,0,0.0,1.0295,0
2691578.1,1,,24,24,0,50.0,1.0,5.1602,0,0.0,1.0201,0
2693578.1,1,,24,24,0,50.0,1.0,5.0602,0,0.0,1.0107,0
2695578.1,1,,24,24,0,50.0,1.0,4.9602,0,0.0,1.0014,0
2697578.1,1,,24,24,0,50.0,1.0,4.8602,0,0.0,0.992,0
2698809.8,1,,24,24,0,50.0,1.0,4.7986,0,0.0,0.9862,0
2699538.3,1,,23,23,0,50.0,1.0,4.7622,0,0.0,0.9828,0
2699578.1,1,,22,22,0,50.0,1.0,4.7602,0,0.0,0.9826,0
2701578.1,1,,22,22,0,50.0,1.0,4.6602,0,0.0,0.9728,0
2703578.1,1,,22,22,0,50.0,1.0,4.5602,0,0.0,0.963,0
2704708.0,1,,22,22,0,50.0,1.0,4.5037,0,0.0,0.9574,0
2705578.1,1,,21,21,0,50.0,1.0,4.4602,0,0.0,0.9532,0
2706419.6,1,,21,21,0,50.0,1.0,4.4182,0,0.0,0.949,0
2707578.1,1,,20,20,0,50.0,1.0,4.3602,0,0.0,0.943,0
2709578.1,1,,20,20,0,50.0,1.0,4.2602,0,0.0,0.9326,0
2711578.1,1,,20,20,0,50.0,1.0,4.1602,0,0.0,0.9222,0
2713578.1,1,,20,20,0,50.0,1.0,4.0602,0,0.0,0.9117,0
2713988.8,1,,20,20,0,50.0,1.0,4.0397,0,0.0,0.9096,0
2714538.4,1,,18,18,0,50.0,1.0,4.0122,0,0.0,0.9067,0
2715578.1,1,,17,17,0,50.0,1.0,3.9602,0,0.0,0.9013,0
2716250.0,1,,17,17,0,50.0,1.0,3.9266,0,0.0,0.8978,0
2717578.1,1,,16,16,0,50.0,1.0,3.8602,0,0.0,0.8903,0
2719526.8,1,,16,16,0,50.0,1.0,3.7628,0,0.0,0.8794,0
2719578.1,1,,15,15,0,50.0,1.0,3.7602,0,0.0,0.8791,0
2721578.1,1,,15,15,0,50.0,1.0,3.6602,0,0.0,0.8666,0
2721746.9,1,,15,15,0,50.0,1.0,3.6518,0,0.0,0.8655,0
2723578.1,1,,14,14,0,50.0,1.0,3.5602,0,0.0,0.8522,0
2725578.1,1,,14,14,0,50.0,1.0,3.4602,0,0.0,0.8376,0
2727578.1,1,,14,14,0,50.0,1.0,3.3602,0,0.0,0.823,0
2729578.1,1,,14,14,0,50.0,1.0,3.2602,0,0.0,0.8084,0
2730700.5,1,,14,14,0,50.0,1.0,3.2041,0,0.0,0.8002,0
2731578.1,1,,13,13,0,50.0,1.0,3.1602,0,0.0,0.7938,0
2733578.1,1,,13,13,0,50.0,1.0,3.0602,0,0.0,0.7792,0
2735578.1,1,,13,13,0,50.0,1.0,2.9602,0,0.0,0.7647,0
2737578.1,1,,13,13,0,50.0,1.0,2.8602,0,0.0,0.7501,0
2739578.1,1,,13,13,0,50.0,1.0,2.7602,0,0.0,0.7355,0
2741578.1,1,,13,13,0,50.0,1.0,2.6602,0,0.0,0.7209,0
2742063.5,1,,13,13,0,50.0,1.0,2.636,0,0.0,0.7174,0
2743578.1,1,,12,12,0,50.0,1.0,2.5602,0,0.0,0.7063,0
2745578.1,1,,12,12,0,50.0,1.0,2.4602,0,0.0,0.6917,0
2747578.1,1,,12,12,0,50.0,1.0,2.3602,0,0.0,0.6772,0
2749578.1,1,,12,12,0,50.0,1.0,2.2602,0,0.0,0.6626,0
2750361.3,1,,12,12,0,50.0,1.0,2.2211,0,0.0,0.6569,0
2751578.1,1,,11,11,0,50.0,1.0,2.1602,0,0.0,0.648,0
2753578.1,1,,11,11,0,50.0,1.0,2.0602,0,0.0,0.6334,0
2755578.1,1,,11,11,0,50.0,1.0,1.9602,0,0.0,0.6188,0
2757578.1,1,,11,11,0,50.0,1.0,1.8602,0,0.0,0.6042,0
2757897.9,1,,11,11,0,50.0,1.0,1.8442,0,0.0,0.6019,0
2759578.1,1,,10,10,0,50.0,1.0,1.7602,0,0.0,0.5856,0
2761578.1,1,,10,10,0,50.0,1.0,1.6602,0,0.0,0.5661,0
2763578.1,1,,10,10,0,50.0,1.0,1.5602,0,0.0,0.5467,0
2765578.1,1,,10,10,0,50.0,1.0,1.4602,0,0.0,0.5272,0
2766475.1,1,,10,10,0,50.0,1.0,1.4154,0,0.0,0.5185,0
2767578.1,1,,9,9,0,50.0,1.0,1.3602,0,0.0,0.5063,0
2769578.1,1,,9,9,0,50.0,1.0,1.2602,0,0.0,0.484,0
2769860.5,1,,9,9,0,50.0,1.0,1.2461,0,0.0,0.4809,0
2770352.4,1,,8,8,0,50.0,1.0,1.2215,0,0.0,0.4741,0
2771578.1,1,,7,7,0,50.0,1.0,1.1602,0,0.0,0.457,0
2773578.1,1,,7,7,0,50.0,1.0,1.0602,0,0.0,0.4293,0
2773793.0,1,,7,7,0,50.0,1.0,1.0495,0,0.0,0.4263,0
2775578.1,1,,6,6,0,50.0,1.0,0.9602,0,0.0,0.4015,0
2775759.1,1,,6,6,0,50.0,1.0,0.9512,0,0.0,0.399,0
2777578.1,1,,5,5,0,50.0,1.0,0.8602,0,0.0,0.3611,0
2779578.1,1,,5,5,0,50.0,1.0,0.7602,0,0.0,0.3194,0
2781329.4,1,,5,5,0,50.0,1.0,0.6727,0,0.0,0.2829,0
2781578.1,1,,4,4,0,50.0,1.0,0.6602,0,0.0,0.2802,0
2783049.8,1,,4,4,0,50.0,1.0,0.5866,0,0.0,0.2638,0
2783578.1,1,,3,3,0,50.0,1.0,0.5602,0,0.0,0.255,0
2785578.1,1,,3,3,0,50.0,1.0,0.4602,0,0.0,0.2217,0
2787578.1,1,,3,3,0,50.0,1.0,0.3602,0,0.0,0.1883,0
2789294.1,1,,3,3,0,50.0,1.0,0.2744,0,0.0,0.1597,0
2789578.1,1,,2,2,0,50.0,1.0,0.2602,0,0.0,0.1526,0
2791578.1,1,,2,2,0,50.0,1.0,0.1602,0,0.0,0.1026,0
2793578.1,1,,2,2,0,50.0,1.0,0.0602,0,0.0,0.0526,0
2793881.6,1,,2,2,0,50.0,1.0,0.0451,0,0.0,0.0451,0
2794782.7,1,,1,1,0,50.0,1.0,0.0,0,0.0,0.0,0
