rank,t_ns,state,collective,n_send,n_recv
0,0.0,COMPUTE,0,0,0
1,0.0,COMPUTE,0,0,0
2,0.0,COMPUTE,0,0,0
3,0.0,COMPUTE,0,0,0
4,0.0,COMPUTE,0,0,0
5,0.0,COMPUTE,0,0,0
6,0.0,COMPUTE,0,0,0
7,0.0,COMPUTE,0,0,0
8,0.0,COMPUTE,0,0,0
9,0.0,COMPUTE,0,0,0
10,0.0,COMPUTE,0,0,0
11,0.0,COMPUTE,0,0,0
12,0.0,COMPUTE,0,0,0
13,0.0,COMPUTE,0,0,0
14,0.0,COMPUTE,0,0,0
15,0.0,COMPUTE,0,0,0
16,0.0,COMPUTE,0,0,0
17,0.0,COMPUTE,0,0,0
18,0.0,COMPUTE,0,0,0
19,0.0,COMPUTE,0,0,0
20,0.0,COMPUTE,0,0,0
21,0.0,COMPUTE,0,0,0
22,0.0,COMPUTE,0,0,0
23,0.0,COMPUTE,0,0,0
24,0.0,COMPUTE,0,0,0
25,0.0,COMPUTE,0,0,0
26,0.0,COMPUTE,0,0,0
27,0.0,COMPUTE,0,0,0
28,0.0,COMPUTE,0,0,0
29,0.0,COMPUTE,0,0,0
30,0.0,COMPUTE,0,0,0
31,0.0,COMPUTE,0,0,0
0,0.0,SEND+RECV,0,31,3
1,0.0,SEND+RECV,0,31,3
2,0.0,SEND+RECV,0,31,3
3,0.0,SEND+RECV,0,31,3
4,0.0,RECV,0,0,4
5,0.0,RECV,0,0,4
6,0.0,RECV,0,0,4
7,0.0,RECV,0,0,4
8,0.0,RECV,0,0,4
9,0.0,RECV,0,0,4
10,0.0,RECV,0,0,4
11,0.0,RECV,0,0,4
12,0.0,RECV,0,0,4
13,0.0,RECV,0,0,4
14,0.0,RECV,0,0,4
15,0.0,RECV,0,0,4
16,0.0,RECV,0,0,4
17,0.0,RECV,0,0,4
18,0.0,RECV,0,0,4
19,0.0,RECV,0,0,4
20,0.0,RECV,0,0,4
21,0.0,RECV,0,0,4
22,0.0,RECV,0,0,4
23,0.0,RECV,0,0,4
24,0.0,RECV,0,0,4
25,0.0,RECV,0,0,4
26,0.0,RECV,0,0,4
27,0.0,RECV,0,0,4
28,0.0,RECV,0,0,4
29,0.0,RECV,0,0,4
30,0.0,RECV,0,0,4
31,0.0,RECV,0,0,4
0,1746042.9,IDLE,0,0,0
1,1746042.9,IDLE,0,0,0
2,1746042.9,IDLE,0,0,0
3,1746042.9,IDLE,0,0,0
4,1746042.9,IDLE,0,0,0
5,1746042.9,IDLE,0,0,0
6,1746042.9,IDLE,0,0,0
7,1746042.9,IDLE,0,0,0
8,1746042.9,IDLE,0,0,0
9,1746042.9,IDLE,0,0,0
10,1746042.9,IDLE,0,0,0
11,1746042.9,IDLE,0,0,0
12,1746042.9,IDLE,0,0,0
13,1746042.9,IDLE,0,0,0
14,1746042.9,IDLE,0,0,0
15,1746042.9,IDLE,0,0,0
16,1746042.9,IDLE,0,0,0
17,1746042.9,IDLE,0,0,0
18,1746042.9,IDLE,0,0,0
19,1746042.9,IDLE,0,0,0
20,1746042.9,IDLE,0,0,0
21,1746042.9,IDLE,0,0,0
22,1746042.9,IDLE,0,0,0
23,1746042.9,IDLE,0,0,0
24,1746042.9,IDLE,0,0,0
25,1746042.9,IDLE,0,0,0
26,1746042.9,IDLE,0,0,0
27,1746042.9,IDLE,0,0,0
28,1746042.9,IDLE,0,0,0
29,1746042.9,IDLE,0,0,0
30,1746042.9,IDLE,0,0,0
31,1746042.9,IDLE,0,0,0
0,1746042.9,SEND+RECV,1,3,31
1,1746042.9,SEND+RECV,1,3,31
2,1746042.9,SEND+RECV,1,3,31
3,1746042.9,SEND+RECV,1,3,31
4,1746042.9,SEND,1,4,0
5,1746042.9,SEND,1,4,0
6,1746042.9,SEND,1,4,0
7,1746042.9,SEND,1,4,0
8,1746042.9,SEND,1,4,0
9,1746042.9,SEND,1,4,0
10,1746042.9,SEND,1,4,0
11,1746042.9,SEND,1,4,0
12,1746042.9,SEND,1,4,0
13,1746042.9,SEND,1,4,0
14,1746042.9,SEND,1,4,0
15,1746042.9,SEND,1,4,0
16,1746042.9,SEND,1,4,0
17,1746042.9,SEND,1,4,0
18,1746042.9,SEND,1,4,0
19,1746042.9,SEND,1,4,0
20,1746042.9,SEND,1,4,0
21,1746042.9,SEND,1,4,0
22,1746042.9,SEND,1,4,0
23,1746042.9,SEND,1,4,0
24,1746042.9,SEND,1,4,0
25,1746042.9,SEND,1,4,0
26,1746042.9,SEND,1,4,0
27,1746042.9,SEND,1,4,0
28,1746042.9,SEND,1,4,0
29,1746042.9,SEND,1,4,0
30,1746042.9,SEND,1,4,0
31,1746042.9,SEND,1,4,0
0,3173662.7,IDLE,1,0,0
1,3173662.7,IDLE,1,0,0
2,3173662.7,IDLE,1,0,0
3,3173662.7,IDLE,1,0,0
4,3173662.7,IDLE,1,0,0
5,3173662.7,IDLE,1,0,0
6,3173662.7,IDLE,1,0,0
7,3173662.7,IDLE,1,0,0
8,3173662.7,IDLE,1,0,0
9,3173662.7,IDLE,1,0,0
10,3173662.7,IDLE,1,0,0
11,3173662.7,IDLE,1,0,0
12,3173662.7,IDLE,1,0,0
13,3173662.7,IDLE,1,0,0
14,3173662.7,IDLE,1,0,0
15,3173662.7,IDLE,1,0,0
16,3173662.7,IDLE,1,0,0
17,3173662.7,IDLE,1,0,0
18,3173662.7,IDLE,1,0,0
19,3173662.7,IDLE,1,0,0
20,3173662.7,IDLE,1,0,0
21,3173662.7,IDLE,1,0,0
22,3173662.7,IDLE,1,0,0
23,3173662.7,IDLE,1,0,0
24,3173662.7,IDLE,1,0,0
25,3173662.7,IDLE,1,0,0
26,3173662.7,IDLE,1,0,0
27,3173662.7,IDLE,1,0,0
28,3173662.7,IDLE,1,0,0
29,3173662.7,IDLE,1,0,0
30,3173662.7,IDLE,1,0,0
31,3173662.7,IDLE,1,0,0
0,3173662.7,COMPUTE,2,0,0
1,3173662.7,COMPUTE,2,0,0
2,3173662.7,COMPUTE,2,0,0
3,3173662.7,COMPUTE,2,0,0
4,3173662.7,COMPUTE,2,0,0
5,3173662.7,COMPUTE,2,0,0
6,3173662.7,COMPUTE,2,0,0
7,3173662.7,COMPUTE,2,0,0
8,3173662.7,COMPUTE,2,0,0
9,3173662.7,COMPUTE,2,0,0
10,3173662.7,COMPUTE,2,0,0
11,3173662.7,COMPUTE,2,0,0
12,3173662.7,COMPUTE,2,0,0
13,3173662.7,COMPUTE,2,0,0
14,3173662.7,COMPUTE,2,0,0
15,3173662.7,COMPUTE,2,0,0
16,3173662.7,COMPUTE,2,0,0
17,3173662.7,COMPUTE,2,0,0
18,3173662.7,COMPUTE,2,0,0
19,3173662.7,COMPUTE,2,0,0
20,3173662.7,COMPUTE,2,0,0
21,3173662.7,COMPUTE,2,0,0
22,3173662.7,COMPUTE,2,0,0
23,3173662.7,COMPUTE,2,0,0
24,3173662.7,COMPUTE,2,0,0
25,3173662.7,COMPUTE,2,0,0
26,3173662.7,COMPUTE,2,0,0
27,3173662.7,COMPUTE,2,0,0
28,3173662.7,COMPUTE,2,0,0
29,3173662.7,COMPUTE,2,0,0
30,3173662.7,COMPUTE,2,0,0
31,3173662.7,COMPUTE,2,0,0
0,3173662.7,SEND+RECV,2,31,3
1,3173662.7,SEND+RECV,2,31,3
2,3173662.7,SEND+RECV,2,31,3
3,3173662.7,SEND+RECV,2,31,3
4,3173662.7,RECV,2,0,4
5,3173662.7,RECV,2,0,4
6,3173662.7,RECV,2,0,4
7,3173662.7,RECV,2,0,4
8,3173662.7,RECV,2,0,4
9,3173662.7,RECV,2,0,4
10,3173662.7,RECV,2,0,4
11,3173662.7,RECV,2,0,4
12,3173662.7,RECV,2,0,4
13,3173662.7,RECV,2,0,4
14,3173662.7,RECV,2,0,4
15,3173662.7,RECV,2,0,4
16,3173662.7,RECV,2,0,4
17,3173662.7,RECV,2,0,4
18,3173662.7,RECV,2,0,4
19,3173662.7,RECV,2,0,4
20,3173662.7,RECV,2,0,4
21,3173662.7,RECV,2,0,4
22,3173662.7,RECV,2,0,4
23,3173662.7,RECV,2,0,4
24,3173662.7,RECV,2,0,4
25,3173662.7,RECV,2,0,4
26,3173662.7,RECV,2,0,4
27,3173662.7,RECV,2,0,4
28,3173662.7,RECV,2,0,4
29,3173662.7,RECV,2,0,4
30,3173662.7,RECV,2,0,4
31,3173662.7,RECV,2,0,4
0,4643553.3,IDLE,2,0,0
1,4643553.3,IDLE,2,0,0
2,4643553.3,IDLE,2,0,0
3,4643553.3,IDLE,2,0,0
4,4643553.3,IDLE,2,0,0
5,4643553.3,IDLE,2,0,0
6,4643553.3,IDLE,2,0,0
7,4643553.3,IDLE,2,0,0
8,4643553.3,IDLE,2,0,0
9,4643553.3,IDLE,2,0,0
10,4643553.3,IDLE,2,0,0
11,4643553.3,IDLE,2,0,0
12,4643553.3,IDLE,2,0,0
13,4643553.3,IDLE,2,0,0
14,4643553.3,IDLE,2,0,0
15,4643553.3,IDLE,2,0,0
16,4643553.3,IDLE,2,0,0
17,4643553.3,IDLE,2,0,0
18,4643553.3,IDLE,2,0,0
19,4643553.3,IDLE,2,0,0
20,4643553.3,IDLE,2,0,0
21,4643553.3,IDLE,2,0,0
22,4643553.3,IDLE,2,0,0
23,4643553.3,IDLE,2,0,0
24,4643553.3,IDLE,2,0,0
25,4643553.3,IDLE,2,0,0
26,4643553.3,IDLE,2,0,0
27,4643553.3,IDLE,2,0,0
28,4643553.3,IDLE,2,0,0
29,4643553.3,IDLE,2,0,0
30,4643553.3,IDLE,2,0,0
31,4643553.3,IDLE,2,0,0
0,4643553.3,SEND+RECV,3,3,31
1,4643553.3,SEND+RECV,3,3,31
2,4643553.3,SEND+RECV,3,3,31
3,4643553.3,SEND+RECV,3,3,31
4,4643553.3,SEND,3,4,0
5,4643553.3,SEND,3,4,0
6,4643553.3,SEND,3,4,0
7,4643553.3,SEND,3,4,0
8,4643553.3,SEND,3,4,0
9,4643553.3,SEND,3,4,0
10,4643553.3,SEND,3,4,0
11,4643553.3,SEND,3,4,0
12,4643553.3,SEND,3,4,0
13,4643553.3,SEND,3,4,0
14,4643553.3,SEND,3,4,0
15,4643553.3,SEND,3,4,0
16,4643553.3,SEND,3,4,0
17,4643553.3,SEND,3,4,0
18,4643553.3,SEND,3,4,0
19,4643553.3,SEND,3,4,0
20,4643553.3,SEND,3,4,0
21,4643553.3,SEND,3,4,0
22,4643553.3,SEND,3,4,0
23,4643553.3,SEND,3,4,0
24,4643553.3,SEND,3,4,0
25,4643553.3,SEND,3,4,0
26,4643553.3,SEND,3,4,0
27,4643553.3,SEND,3,4,0
28,4643553.3,SEND,3,4,0
29,4643553.3,SEND,3,4,0
30,4643553.3,SEND,3,4,0
31,4643553.3,SEND,3,4,0
0,6113443.8,IDLE,3,0,0
1,6113443.8,IDLE,3,0,0
2,6113443.8,IDLE,3,0,0
3,6113443.8,IDLE,3,0,0
4,6113443.8,IDLE,3,0,0
5,6113443.8,IDLE,3,0,0
6,6113443.8,IDLE,3,0,0
7,6113443.8,IDLE,3,0,0
8,6113443.8,IDLE,3,0,0
9,6113443.8,IDLE,3,0,0
10,6113443.8,IDLE,3,0,0
11,6113443.8,IDLE,3,0,0
12,6113443.8,IDLE,3,0,0
13,6113443.8,IDLE,3,0,0
14,6113443.8,IDLE,3,0,0
15,6113443.8,IDLE,3,0,0
16,6113443.8,IDLE,3,0,0
17,6113443.8,IDLE,3,0,0
18,6113443.8,IDLE,3,0,0
19,6113443.8,IDLE,3,0,0
20,6113443.8,IDLE,3,0,0
21,6113443.8,IDLE,3,0,0
22,6113443.8,IDLE,3,0,0
23,6113443.8,IDLE,3,0,0
24,6113443.8,IDLE,3,0,0
25,6113443.8,IDLE,3,0,0
26,6113443.8,IDLE,3,0,0
27,6113443.8,IDLE,3,0,0
28,6113443.8,IDLE,3,0,0
29,6113443.8,IDLE,3,0,0
30,6113443.8,IDLE,3,0,0
31,6113443.8,IDLE,3,0,0
0,6113443.8,COMPUTE,4,0,0
1,6113443.8,COMPUTE,4,0,0
2,6113443.8,COMPUTE,4,0,0
3,6113443.8,COMPUTE,4,0,0
4,6113443.8,COMPUTE,4,0,0
5,6113443.8,COMPUTE,4,0,0
6,6113443.8,COMPUTE,4,0,0
7,6113443.8,COMPUTE,4,0,0
8,6113443.8,COMPUTE,4,0,0
9,6113443.8,COMPUTE,4,0,0
10,6113443.8,COMPUTE,4,0,0
11,6113443.8,COMPUTE,4,0,0
12,6113443.8,COMPUTE,4,0,0
13,6113443.8,COMPUTE,4,0,0
14,6113443.8,COMPUTE,4,0,0
15,6113443.8,COMPUTE,4,0,0
16,6113443.8,COMPUTE,4,0,0
17,6113443.8,COMPUTE,4,0,0
18,6113443.8,COMPUTE,4,0,0
19,6113443.8,COMPUTE,4,0,0
20,6113443.8,COMPUTE,4,0,0
21,6113443.8,COMPUTE,4,0,0
22,6113443.8,COMPUTE,4,0,0
23,6113443.8,COMPUTE,4,0,0
24,6113443.8,COMPUTE,4,0,0
25,6113443.8,COMPUTE,4,0,0
26,6113443.8,COMPUTE,4,0,0
27,6113443.8,COMPUTE,4,0,0
28,6113443.8,COMPUTE,4,0,0
29,6113443.8,COMPUTE,4,0,0
30,6113443.8,COMPUTE,4,0,0
31,6113443.8,COMPUTE,4,0,0
0,6113443.8,SEND+RECV,4,31,3
1,6113443.8,SEND+RECV,4,31,3
2,6113443.8,SEND+RECV,4,31,3
3,6113443.8,SEND+RECV,4,31,3
4,6113443.8,RECV,4,0,4
5,6113443.8,RECV,4,0,4
6,6113443.8,RECV,4,0,4
7,6113443.8,RECV,4,0,4
8,6113443.8,RECV,4,0,4
9,6113443.8,RECV,4,0,4
10,6113443.8,RECV,4,0,4
11,6113443.8,RECV,4,0,4
12,6113443.8,RECV,4,0,4
13,6113443.8,RECV,4,0,4
14,6113443.8,RECV,4,0,4
15,6113443.8,RECV,4,0,4
16,6113443.8,RECV,4,0,4
17,6113443.8,RECV,4,0,4
18,6113443.8,RECV,4,0,4
19,6113443.8,RECV,4,0,4
20,6113443.8,RECV,4,0,4
21,6113443.8,RECV,4,0,4
22,6113443.8,RECV,4,0,4
23,6113443.8,RECV,4,0,4
24,6113443.8,RECV,4,0,4
25,6113443.8,RECV,4,0,4
26,6113443.8,RECV,4,0,4
27,6113443.8,RECV,4,0,4
28,6113443.8,RECV,4,0,4
29,6113443.8,RECV,4,0,4
30,6113443.8,RECV,4,0,4
31,6113443.8,RECV,4,0,4
0,7479541.8,IDLE,4,0,0
1,7479541.8,IDLE,4,0,0
2,7479541.8,IDLE,4,0,0
3,7479541.8,IDLE,4,0,0
4,7479541.8,IDLE,4,0,0
5,7479541.8,IDLE,4,0,0
6,7479541.8,IDLE,4,0,0
7,7479541.8,IDLE,4,0,0
8,7479541.8,IDLE,4,0,0
9,7479541.8,IDLE,4,0,0
10,7479541.8,IDLE,4,0,0
11,7479541.8,IDLE,4,0,0
12,7479541.8,IDLE,4,0,0
13,7479541.8,IDLE,4,0,0
14,7479541.8,IDLE,4,0,0
15,7479541.8,IDLE,4,0,0
16,7479541.8,IDLE,4,0,0
17,7479541.8,IDLE,4,0,0
18,7479541.8,IDLE,4,0,0
19,7479541.8,IDLE,4,0,0
20,7479541.8,IDLE,4,0,0
21,7479541.8,IDLE,4,0,0
22,7479541.8,IDLE,4,0,0
23,7479541.8,IDLE,4,0,0
24,7479541.8,IDLE,4,0,0
25,7479541.8,IDLE,4,0,0
26,7479541.8,IDLE,4,0,0
27,7479541.8,IDLE,4,0,0
28,7479541.8,IDLE,4,0,0
29,7479541.8,IDLE,4,0,0
30,7479541.8,IDLE,4,0,0
31,7479541.8,IDLE,4,0,0
0,7479541.8,SEND+RECV,5,3,31
1,7479541.8,SEND+RECV,5,3,31
2,7479541.8,SEND+RECV,5,3,31
3,7479541.8,SEND+RECV,5,3,31
4,7479541.8,SEND,5,4,0
5,7479541.8,SEND,5,4,0
6,7479541.8,SEND,5,4,0
7,7479541.8,SEND,5,4,0
8,7479541.8,SEND,5,4,0
9,7479541.8,SEND,5,4,0
10,7479541.8,SEND,5,4,0
11,7479541.8,SEND,5,4,0
12,7479541.8,SEND,5,4,0
13,7479541.8,SEND,5,4,0
14,7479541.8,SEND,5,4,0
15,7479541.8,SEND,5,4,0
16,7479541.8,SEND,5,4,0
17,7479541.8,SEND,5,4,0
18,7479541.8,SEND,5,4,0
19,7479541.8,SEND,5,4,0
20,7479541.8,SEND,5,4,0
21,7479541.8,SEND,5,4,0
22,7479541.8,SEND,5,4,0
23,7479541.8,SEND,5,4,0
24,7479541.8,SEND,5,4,0
25,7479541.8,SEND,5,4,0
26,7479541.8,SEND,5,4,0
27,7479541.8,SEND,5,4,0
28,7479541.8,SEND,5,4,0
29,7479541.8,SEND,5,4,0
30,7479541.8,SEND,5,4,0
31,7479541.8,SEND,5,4,0
0,8845639.7,IDLE,5,0,0
1,8845639.7,IDLE,5,0,0
2,8845639.7,IDLE,5,0,0
3,8845639.7,IDLE,5,0,0
4,8845639.7,IDLE,5,0,0
5,8845639.7,IDLE,5,0,0
6,8845639.7,IDLE,5,0,0
7,8845639.7,IDLE,5,0,0
8,8845639.7,IDLE,5,0,0
9,8845639.7,IDLE,5,0,0
10,8845639.7,IDLE,5,0,0
11,8845639.7,IDLE,5,0,0
12,8845639.7,IDLE,5,0,0
13,8845639.7,IDLE,5,0,0
14,8845639.7,IDLE,5,0,0
15,8845639.7,IDLE,5,0,0
16,8845639.7,IDLE,5,0,0
17,8845639.7,IDLE,5,0,0
18,8845639.7,IDLE,5,0,0
19,8845639.7,IDLE,5,0,0
20,8845639.7,IDLE,5,0,0
21,8845639.7,IDLE,5,0,0
22,8845639.7,IDLE,5,0,0
23,8845639.7,IDLE,5,0,0
24,8845639.7,IDLE,5,0,0
25,8845639.7,IDLE,5,0,0
26,8845639.7,IDLE,5,0,0
27,8845639.7,IDLE,5,0,0
28,8845639.7,IDLE,5,0,0
29,8845639.7,IDLE,5,0,0
30,8845639.7,IDLE,5,0,0
31,8845639.7,IDLE,5,0,0
0,8845639.7,COMPUTE,6,0,0
1,8845639.7,COMPUTE,6,0,0
2,8845639.7,COMPUTE,6,0,0
3,8845639.7,COMPUTE,6,0,0
4,8845639.7,COMPUTE,6,0,0
5,8845639.7,COMPUTE,6,0,0
6,8845639.7,COMPUTE,6,0,0
7,8845639.7,COMPUTE,6,0,0
8,8845639.7,COMPUTE,6,0,0
9,8845639.7,COMPUTE,6,0,0
10,8845639.7,COMPUTE,6,0,0
11,8845639.7,COMPUTE,6,0,0
12,8845639.7,COMPUTE,6,0,0
13,8845639.7,COMPUTE,6,0,0
14,8845639.7,COMPUTE,6,0,0
15,8845639.7,COMPUTE,6,0,0
16,8845639.7,COMPUTE,6,0,0
17,8845639.7,COMPUTE,6,0,0
18,8845639.7,COMPUTE,6,0,0
19,8845639.7,COMPUTE,6,0,0
20,8845639.7,COMPUTE,6,0,0
21,8845639.7,COMPUTE,6,0,0
22,8845639.7,COMPUTE,6,0,0
23,8845639.7,COMPUTE,6,0,0
24,8845639.7,COMPUTE,6,0,0
25,8845639.7,COMPUTE,6,0,0
26,8845639.7,COMPUTE,6,0,0
27,8845639.7,COMPUTE,6,0,0
28,8845639.7,COMPUTE,6,0,0
29,8845639.7,COMPUTE,6,0,0
30,8845639.7,COMPUTE,6,0,0
31,8845639.7,COMPUTE,6,0,0
0,8845639.7,SEND+RECV,6,31,3
1,8845639.7,SEND+RECV,6,31,3
2,8845639.7,SEND+RECV,6,31,3
3,8845639.7,SEND+RECV,6,31,3
4,8845639.7,RECV,6,0,4
5,8845639.7,RECV,6,0,4
6,8845639.7,RECV,6,0,4
7,8845639.7,RECV,6,0,4
8,8845639.7,RECV,6,0,4
9,8845639.7,RECV,6,0,4
10,8845639.7,RECV,6,0,4
11,8845639.7,RECV,6,0,4
12,8845639.7,RECV,6,0,4
13,8845639.7,RECV,6,0,4
14,8845639.7,RECV,6,0,4
15,8845639.7,RECV,6,0,4
16,8845639.7,RECV,6,0,4
17,8845639.7,RECV,6,0,4
18,8845639.7,RECV,6,0,4
19,8845639.7,RECV,6,0,4
20,8845639.7,RECV,6,0,4
21,8845639.7,RECV,6,0,4
22,8845639.7,RECV,6,0,4
23,8845639.7,RECV,6,0,4
24,8845639.7,RECV,6,0,4
25,8845639.7,RECV,6,0,4
26,8845639.7,RECV,6,0,4
27,8845639.7,RECV,6,0,4
28,8845639.7,RECV,6,0,4
29,8845639.7,RECV,6,0,4
30,8845639.7,RECV,6,0,4
31,8845639.7,RECV,6,0,4
0,10342481.9,IDLE,6,0,0
1,10342481.9,IDLE,6,0,0
2,10342481.9,IDLE,6,0,0
3,10342481.9,IDLE,6,0,0
4,10342481.9,IDLE,6,0,0
5,10342481.9,IDLE,6,0,0
6,10342481.9,IDLE,6,0,0
7,10342481.9,IDLE,6,0,0
8,10342481.9,IDLE,6,0,0
9,10342481.9,IDLE,6,0,0
10,10342481.9,IDLE,6,0,0
11,10342481.9,IDLE,6,0,0
12,10342481.9,IDLE,6,0,0
13,10342481.9,IDLE,6,0,0
14,10342481.9,IDLE,6,0,0
15,10342481.9,IDLE,6,0,0
16,10342481.9,IDLE,6,0,0
17,10342481.9,IDLE,6,0,0
18,10342481.9,IDLE,6,0,0
19,10342481.9,IDLE,6,0,0
20,10342481.9,IDLE,6,0,0
21,10342481.9,IDLE,6,0,0
22,10342481.9,IDLE,6,0,0
23,10342481.9,IDLE,6,0,0
24,10342481.9,IDLE,6,0,0
25,10342481.9,IDLE,6,0,0
26,10342481.9,IDLE,6,0,0
27,10342481.9,IDLE,6,0,0
28,10342481.9,IDLE,6,0,0
29,10342481.9,IDLE,6,0,0
30,10342481.9,IDLE,6,0,0
31,10342481.9,IDLE,6,0,0
0,10342481.9,SEND+RECV,7,3,31
1,10342481.9,SEND+RECV,7,3,31
2,10342481.9,SEND+RECV,7,3,31
3,10342481.9,SEND+RECV,7,3,31
4,10342481.9,SEND,7,4,0
5,10342481.9,SEND,7,4,0
6,10342481.9,SEND,7,4,0
7,10342481.9,SEND,7,4,0
8,10342481.9,SEND,7,4,0
9,10342481.9,SEND,7,4,0
10,10342481.9,SEND,7,4,0
11,10342481.9,SEND,7,4,0
12,10342481.9,SEND,7,4,0
13,10342481.9,SEND,7,4,0
14,10342481.9,SEND,7,4,0
15,10342481.9,SEND,7,4,0
16,10342481.9,SEND,7,4,0
17,10342481.9,SEND,7,4,0
18,10342481.9,SEND,7,4,0
19,10342481.9,SEND,7,4,0
20,10342481.9,SEND,7,4,0
21,10342481.9,SEND,7,4,0
22,10342481.9,SEND,7,4,0
23,10342481.9,SEND,7,4,0
24,10342481.9,SEND,7,4,0
25,10342481.9,SEND,7,4,0
26,10342481.9,SEND,7,4,0
27,10342481.9,SEND,7,4,0
28,10342481.9,SEND,7,4,0
29,10342481.9,SEND,7,4,0
30,10342481.9,SEND,7,4,0
31,10342481.9,SEND,7,4,0
0,11839324.2,IDLE,7,0,0
1,11839324.2,IDLE,7,0,0
2,11839324.2,IDLE,7,0,0
3,11839324.2,IDLE,7,0,0
4,11839324.2,IDLE,7,0,0
5,11839324.2,IDLE,7,0,0
6,11839324.2,IDLE,7,0,0
7,11839324.2,IDLE,7,0,0
8,11839324.2,IDLE,7,0,0
9,11839324.2,IDLE,7,0,0
10,11839324.2,IDLE,7,0,0
11,11839324.2,IDLE,7,0,0
12,11839324.2,IDLE,7,0,0
13,11839324.2,IDLE,7,0,0
14,11839324.2,IDLE,7,0,0
15,11839324.2,IDLE,7,0,0
16,11839324.2,IDLE,7,0,0
17,11839324.2,IDLE,7,0,0
18,11839324.2,IDLE,7,0,0
19,11839324.2,IDLE,7,0,0
20,11839324.2,IDLE,7,0,0
21,11839324.2,IDLE,7,0,0
22,11839324.2,IDLE,7,0,0
23,11839324.2,IDLE,7,0,0
24,11839324.2,IDLE,7,0,0
25,11839324.2,IDLE,7,0,0
26,11839324.2,IDLE,7,0,0
27,11839324.2,IDLE,7,0,0
28,11839324.2,IDLE,7,0,0
29,11839324.2,IDLE,7,0,0
30,11839324.2,IDLE,7,0,0
31,11839324.2,IDLE,7,0,0
0,11839324.2,COMPUTE,8,0,0
1,11839324.2,COMPUTE,8,0,0
2,11839324.2,COMPUTE,8,0,0
3,11839324.2,COMPUTE,8,0,0
4,11839324.2,COMPUTE,8,0,0
5,11839324.2,COMPUTE,8,0,0
6,11839324.2,COMPUTE,8,0,0
7,11839324.2,COMPUTE,8,0,0
8,11839324.2,COMPUTE,8,0,0
9,11839324.2,COMPUTE,8,0,0
10,11839324.2,COMPUTE,8,0,0
11,11839324.2,COMPUTE,8,0,0
12,11839324.2,COMPUTE,8,0,0
13,11839324.2,COMPUTE,8,0,0
14,11839324.2,COMPUTE,8,0,0
15,11839324.2,COMPUTE,8,0,0
16,11839324.2,COMPUTE,8,0,0
17,11839324.2,COMPUTE,8,0,0
18,11839324.2,COMPUTE,8,0,0
19,11839324.2,COMPUTE,8,0,0
20,11839324.2,COMPUTE,8,0,0
21,11839324.2,COMPUTE,8,0,0
22,11839324.2,COMPUTE,8,0,0
23,11839324.2,COMPUTE,8,0,0
24,11839324.2,COMPUTE,8,0,0
25,11839324.2,COMPUTE,8,0,0
26,11839324.2,COMPUTE,8,0,0
27,11839324.2,COMPUTE,8,0,0
28,11839324.2,COMPUTE,8,0,0
29,11839324.2,COMPUTE,8,0,0
30,11839324.2,COMPUTE,8,0,0
31,11839324.2,COMPUTE,8,0,0
0,11839324.2,SEND+RECV,8,31,3
1,11839324.2,SEND+RECV,8,31,3
2,11839324.2,SEND+RECV,8,31,3
3,11839324.2,SEND+RECV,8,31,3
4,11839324.2,RECV,8,0,4
5,11839324.2,RECV,8,0,4
6,11839324.2,RECV,8,0,4
7,11839324.2,RECV,8,0,4
8,11839324.2,RECV,8,0,4
9,11839324.2,RECV,8,0,4
10,11839324.2,RECV,8,0,4
11,11839324.2,RECV,8,0,4
12,11839324.2,RECV,8,0,4
13,11839324.2,RECV,8,0,4
14,11839324.2,RECV,8,0,4
15,11839324.2,RECV,8,0,4
16,11839324.2,RECV,8,0,4
17,11839324.2,RECV,8,0,4
18,11839324.2,RECV,8,0,4
19,11839324.2,RECV,8,0,4
20,11839324.2,RECV,8,0,4
21,11839324.2,RECV,8,0,4
22,11839324.2,RECV,8,0,4
23,11839324.2,RECV,8,0,4
24,11839324.2,RECV,8,0,4
25,11839324.2,RECV,8,0,4
26,11839324.2,RECV,8,0,4
27,11839324.2,RECV,8,0,4
28,11839324.2,RECV,8,0,4
29,11839324.2,RECV,8,0,4
30,11839324.2,RECV,8,0,4
31,11839324.2,RECV,8,0,4
0,13266944.0,IDLE,8,0,0
1,13266944.0,IDLE,8,0,0
2,13266944.0,IDLE,8,0,0
3,13266944.0,IDLE,8,0,0
4,13266944.0,IDLE,8,0,0
5,13266944.0,IDLE,8,0,0
6,13266944.0,IDLE,8,0,0
7,13266944.0,IDLE,8,0,0
8,13266944.0,IDLE,8,0,0
9,13266944.0,IDLE,8,0,0
10,13266944.0,IDLE,8,0,0
11,13266944.0,IDLE,8,0,0
12,13266944.0,IDLE,8,0,0
13,13266944.0,IDLE,8,0,0
14,13266944.0,IDLE,8,0,0
15,13266944.0,IDLE,8,0,0
16,13266944.0,IDLE,8,0,0
17,13266944.0,IDLE,8,0,0
18,13266944.0,IDLE,8,0,0
19,13266944.0,IDLE,8,0,0
20,13266944.0,IDLE,8,0,0
21,13266944.0,IDLE,8,0,0
22,13266944.0,IDLE,8,0,0
23,13266944.0,IDLE,8,0,0
24,13266944.0,IDLE,8,0,0
25,13266944.0,IDLE,8,0,0
26,13266944.0,IDLE,8,0,0
27,13266944.0,IDLE,8,0,0
28,13266944.0,IDLE,8,0,0
29,13266944.0,IDLE,8,0,0
30,13266944.0,IDLE,8,0,0
31,13266944.0,IDLE,8,0,0
0,13266944.0,SEND+RECV,9,3,31
1,13266944.0,SEND+RECV,9,3,31
2,13266944.0,SEND+RECV,9,3,31
3,13266944.0,SEND+RECV,9,3,31
4,13266944.0,SEND,9,4,0
5,13266944.0,SEND,9,4,0
6,13266944.0,SEND,9,4,0
7,13266944.0,SEND,9,4,0
8,13266944.0,SEND,9,4,0
9,13266944.0,SEND,9,4,0
10,13266944.0,SEND,9,4,0
11,13266944.0,SEND,9,4,0
12,13266944.0,SEND,9,4,0
13,13266944.0,SEND,9,4,0
14,13266944.0,SEND,9,4,0
15,13266944.0,SEND,9,4,0
16,13266944.0,SEND,9,4,0
17,13266944.0,SEND,9,4,0
18,13266944.0,SEND,9,4,0
19,13266944.0,SEND,9,4,0
20,13266944.0,SEND,9,4,0
21,13266944.0,SEND,9,4,0
22,13266944.0,SEND,9,4,0
23,13266944.0,SEND,9,4,0
24,13266944.0,SEND,9,4,0
25,13266944.0,SEND,9,4,0
26,13266944.0,SEND,9,4,0
27,13266944.0,SEND,9,4,0
28,13266944.0,SEND,9,4,0
29,13266944.0,SEND,9,4,0
30,13266944.0,SEND,9,4,0
31,13266944.0,SEND,9,4,0
0,14694563.8,IDLE,9,0,0
1,14694563.8,IDLE,9,0,0
2,14694563.8,IDLE,9,0,0
3,14694563.8,IDLE,9,0,0
4,14694563.8,IDLE,9,0,0
5,14694563.8,IDLE,9,0,0
6,14694563.8,IDLE,9,0,0
7,14694563.8,IDLE,9,0,0
8,14694563.8,IDLE,9,0,0
9,14694563.8,IDLE,9,0,0
10,14694563.8,IDLE,9,0,0
11,14694563.8,IDLE,9,0,0
12,14694563.8,IDLE,9,0,0
13,14694563.8,IDLE,9,0,0
14,14694563.8,IDLE,9,0,0
15,14694563.8,IDLE,9,0,0
16,14694563.8,IDLE,9,0,0
17,14694563.8,IDLE,9,0,0
18,14694563.8,IDLE,9,0,0
19,14694563.8,IDLE,9,0,0
20,14694563.8,IDLE,9,0,0
21,14694563.8,IDLE,9,0,0
22,14694563.8,IDLE,9,0,0
23,14694563.8,IDLE,9,0,0
24,14694563.8,IDLE,9,0,0
25,14694563.8,IDLE,9,0,0
26,14694563.8,IDLE,9,0,0
27,14694563.8,IDLE,9,0,0
28,14694563.8,IDLE,9,0,0
29,14694563.8,IDLE,9,0,0
30,14694563.8,IDLE,9,0,0
31,14694563.8,IDLE,9,0,0
0,14694563.8,COMPUTE,10,0,0
1,14694563.8,COMPUTE,10,0,0
2,14694563.8,COMPUTE,10,0,0
3,14694563.8,COMPUTE,10,0,0
4,14694563.8,COMPUTE,10,0,0
5,14694563.8,COMPUTE,10,0,0
6,14694563.8,COMPUTE,10,0,0
7,14694563.8,COMPUTE,10,0,0
8,14694563.8,COMPUTE,10,0,0
9,14694563.8,COMPUTE,10,0,0
10,14694563.8,COMPUTE,10,0,0
11,14694563.8,COMPUTE,10,0,0
12,14694563.8,COMPUTE,10,0,0
13,14694563.8,COMPUTE,10,0,0
14,14694563.8,COMPUTE,10,0,0
15,14694563.8,COMPUTE,10,0,0
16,14694563.8,COMPUTE,10,0,0
17,14694563.8,COMPUTE,10,0,0
18,14694563.8,COMPUTE,10,0,0
19,14694563.8,COMPUTE,10,0,0
20,14694563.8,COMPUTE,10,0,0
21,14694563.8,COMPUTE,10,0,0
22,14694563.8,COMPUTE,10,0,0
23,14694563.8,COMPUTE,10,0,0
24,14694563.8,COMPUTE,10,0,0
25,14694563.8,COMPUTE,10,0,0
26,14694563.8,COMPUTE,10,0,0
27,14694563.8,COMPUTE,10,0,0
28,14694563.8,COMPUTE,10,0,0
29,14694563.8,COMPUTE,10,0,0
30,14694563.8,COMPUTE,10,0,0
31,14694563.8,COMPUTE,10,0,0
0,14694563.8,SEND+RECV,10,31,3
1,14694563.8,SEND+RECV,10,31,3
2,14694563.8,SEND+RECV,10,31,3
3,14694563.8,SEND+RECV,10,31,3
4,14694563.8,RECV,10,0,4
5,14694563.8,RECV,10,0,4
6,14694563.8,RECV,10,0,4
7,14694563.8,RECV,10,0,4
8,14694563.8,RECV,10,0,4
9,14694563.8,RECV,10,0,4
10,14694563.8,RECV,10,0,4
11,14694563.8,RECV,10,0,4
12,14694563.8,RECV,10,0,4
13,14694563.8,RECV,10,0,4
14,14694563.8,RECV,10,0,4
15,14694563.8,RECV,10,0,4
16,14694563.8,RECV,10,0,4
17,14694563.8,RECV,10,0,4
18,14694563.8,RECV,10,0,4
19,14694563.8,RECV,10,0,4
20,14694563.8,RECV,10,0,4
21,14694563.8,RECV,10,0,4
22,14694563.8,RECV,10,0,4
23,14694563.8,RECV,10,0,4
24,14694563.8,RECV,10,0,4
25,14694563.8,RECV,10,0,4
26,14694563.8,RECV,10,0,4
27,14694563.8,RECV,10,0,4
28,14694563.8,RECV,10,0,4
29,14694563.8,RECV,10,0,4
30,14694563.8,RECV,10,0,4
31,14694563.8,RECV,10,0,4
0,16164454.4,IDLE,10,0,0
1,16164454.4,IDLE,10,0,0
2,16164454.4,IDLE,10,0,0
3,16164454.4,IDLE,10,0,0
4,16164454.4,IDLE,10,0,0
5,16164454.4,IDLE,10,0,0
6,16164454.4,IDLE,10,0,0
7,16164454.4,IDLE,10,0,0
8,16164454.4,IDLE,10,0,0
9,16164454.4,IDLE,10,0,0
10,16164454.4,IDLE,10,0,0
11,16164454.4,IDLE,10,0,0
12,16164454.4,IDLE,10,0,0
13,16164454.4,IDLE,10,0,0
14,16164454.4,IDLE,10,0,0
15,16164454.4,IDLE,10,0,0
16,16164454.4,IDLE,10,0,0
17,16164454.4,IDLE,10,0,0
18,16164454.4,IDLE,10,0,0
19,16164454.4,IDLE,10,0,0
20,16164454.4,IDLE,10,0,0
21,16164454.4,IDLE,10,0,0
22,16164454.4,IDLE,10,0,0
23,16164454.4,IDLE,10,0,0
24,16164454.4,IDLE,10,0,0
25,16164454.4,IDLE,10,0,0
26,16164454.4,IDLE,10,0,0
27,16164454.4,IDLE,10,0,0
28,16164454.4,IDLE,10,0,0
29,16164454.4,IDLE,10,0,0
30,16164454.4,IDLE,10,0,0
31,16164454.4,IDLE,10,0,0
0,16164454.4,SEND+RECV,11,3,31
1,16164454.4,SEND+RECV,11,3,31
2,16164454.4,SEND+RECV,11,3,31
3,16164454.4,SEND+RECV,11,3,31
4,16164454.4,SEND,11,4,0
5,16164454.4,SEND,11,4,0
6,16164454.4,SEND,11,4,0
7,16164454.4,SEND,11,4,0
8,16164454.4,SEND,11,4,0
9,16164454.4,SEND,11,4,0
10,16164454.4,SEND,11,4,0
11,16164454.4,SEND,11,4,0
12,16164454.4,SEND,11,4,0
13,16164454.4,SEND,11,4,0
14,16164454.4,SEND,11,4,0
15,16164454.4,SEND,11,4,0
16,16164454.4,SEND,11,4,0
17,16164454.4,SEND,11,4,0
18,16164454.4,SEND,11,4,0
19,16164454.4,SEND,11,4,0
20,16164454.4,SEND,11,4,0
21,16164454.4,SEND,11,4,0
22,16164454.4,SEND,11,4,0
23,16164454.4,SEND,11,4,0
24,16164454.4,SEND,11,4,0
25,16164454.4,SEND,11,4,0
26,16164454.4,SEND,11,4,0
27,16164454.4,SEND,11,4,0
28,16164454.4,SEND,11,4,0
29,16164454.4,SEND,11,4,0
30,16164454.4,SEND,11,4,0
31,16164454.4,SEND,11,4,0
0,17634345.0,IDLE,11,0,0
1,17634345.0,IDLE,11,0,0
2,17634345.0,IDLE,11,0,0
3,17634345.0,IDLE,11,0,0
4,17634345.0,IDLE,11,0,0
5,17634345.0,IDLE,11,0,0
6,17634345.0,IDLE,11,0,0
7,17634345.0,IDLE,11,0,0
8,17634345.0,IDLE,11,0,0
9,17634345.0,IDLE,11,0,0
10,17634345.0,IDLE,11,0,0
11,17634345.0,IDLE,11,0,0
12,17634345.0,IDLE,11,0,0
13,17634345.0,IDLE,11,0,0
14,17634345.0,IDLE,11,0,0
15,17634345.0,IDLE,11,0,0
16,17634345.0,IDLE,11,0,0
17,17634345.0,IDLE,11,0,0
18,17634345.0,IDLE,11,0,0
19,17634345.0,IDLE,11,0,0
20,17634345.0,IDLE,11,0,0
21,17634345.0,IDLE,11,0,0
22,17634345.0,IDLE,11,0,0
23,17634345.0,IDLE,11,0,0
24,17634345.0,IDLE,11,0,0
25,17634345.0,IDLE,11,0,0
26,17634345.0,IDLE,11,0,0
27,17634345.0,IDLE,11,0,0
28,17634345.0,IDLE,11,0,0
29,17634345.0,IDLE,11,0,0
30,17634345.0,IDLE,11,0,0
31,17634345.0,IDLE,11,0,0
0,17634345.0,COMPUTE,12,0,0
1,17634345.0,COMPUTE,12,0,0
2,17634345.0,COMPUTE,12,0,0
3,17634345.0,COMPUTE,12,0,0
4,17634345.0,COMPUTE,12,0,0
5,17634345.0,COMPUTE,12,0,0
6,17634345.0,COMPUTE,12,0,0
7,17634345.0,COMPUTE,12,0,0
8,17634345.0,COMPUTE,12,0,0
9,17634345.0,COMPUTE,12,0,0
10,17634345.0,COMPUTE,12,0,0
11,17634345.0,COMPUTE,12,0,0
12,17634345.0,COMPUTE,12,0,0
13,17634345.0,COMPUTE,12,0,0
14,17634345.0,COMPUTE,12,0,0
15,17634345.0,COMPUTE,12,0,0
16,17634345.0,COMPUTE,12,0,0
17,17634345.0,COMPUTE,12,0,0
18,17634345.0,COMPUTE,12,0,0
19,17634345.0,COMPUTE,12,0,0
20,17634345.0,COMPUTE,12,0,0
21,17634345.0,COMPUTE,12,0,0
22,17634345.0,COMPUTE,12,0,0
23,17634345.0,COMPUTE,12,0,0
24,17634345.0,COMPUTE,12,0,0
25,17634345.0,COMPUTE,12,0,0
26,17634345.0,COMPUTE,12,0,0
27,17634345.0,COMPUTE,12,0,0
28,17634345.0,COMPUTE,12,0,0
29,17634345.0,COMPUTE,12,0,0
30,17634345.0,COMPUTE,12,0,0
31,17634345.0,COMPUTE,12,0,0
0,17634345.0,SEND+RECV,12,31,3
1,17634345.0,SEND+RECV,12,31,3
2,17634345.0,SEND+RECV,12,31,3
3,17634345.0,SEND+RECV,12,31,3
4,17634345.0,RECV,12,0,4
5,17634345.0,RECV,12,0,4
6,17634345.0,RECV,12,0,4
7,17634345.0,RECV,12,0,4
8,17634345.0,RECV,12,0,4
9,17634345.0,RECV,12,0,4
10,17634345.0,RECV,12,0,4
11,17634345.0,RECV,12,0,4
12,17634345.0,RECV,12,0,4
13,17634345.0,RECV,12,0,4
14,17634345.0,RECV,12,0,4
15,17634345.0,RECV,12,0,4
16,17634345.0,RECV,12,0,4
17,17634345.0,RECV,12,0,4
18,17634345.0,RECV,12,0,4
19,17634345.0,RECV,12,0,4
20,17634345.0,RECV,12,0,4
21,17634345.0,RECV,12,0,4
22,17634345.0,RECV,12,0,4
23,17634345.0,RECV,12,0,4
24,17634345.0,RECV,12,0,4
25,17634345.0,RECV,12,0,4
26,17634345.0,RECV,12,0,4
27,17634345.0,RECV,12,0,4
28,17634345.0,RECV,12,0,4
29,17634345.0,RECV,12,0,4
30,17634345.0,RECV,12,0,4
31,17634345.0,RECV,12,0,4
0,19000442.9,IDLE,12,0,0
1,19000442.9,IDLE,12,0,0
2,19000442.9,IDLE,12,0,0
3,19000442.9,IDLE,12,0,0
4,19000442.9,IDLE,12,0,0
5,19000442.9,IDLE,12,0,0
6,19000442.9,IDLE,12,0,0
7,19000442.9,IDLE,12,0,0
8,19000442.9,IDLE,12,0,0
9,19000442.9,IDLE,12,0,0
10,19000442.9,IDLE,12,0,0
11,19000442.9,IDLE,12,0,0
12,19000442.9,IDLE,12,0,0
13,19000442.9,IDLE,12,0,0
14,19000442.9,IDLE,12,0,0
15,19000442.9,IDLE,12,0,0
16,19000442.9,IDLE,12,0,0
17,19000442.9,IDLE,12,0,0
18,19000442.9,IDLE,12,0,0
19,19000442.9,IDLE,12,0,0
20,19000442.9,IDLE,12,0,0
21,19000442.9,IDLE,12,0,0
22,19000442.9,IDLE,12,0,0
23,19000442.9,IDLE,12,0,0
24,19000442.9,IDLE,12,0,0
25,19000442.9,IDLE,12,0,0
26,19000442.9,IDLE,12,0,0
27,19000442.9,IDLE,12,0,0
28,19000442.9,IDLE,12,0,0
29,19000442.9,IDLE,12,0,0
30,19000442.9,IDLE,12,0,0
31,19000442.9,IDLE,12,0,0
0,19000442.9,SEND+RECV,13,3,31
1,19000442.9,SEND+RECV,13,3,31
2,19000442.9,SEND+RECV,13,3,31
3,19000442.9,SEND+RECV,13,3,31
4,19000442.9,SEND,13,4,0
5,19000442.9,SEND,13,4,0
6,19000442.9,SEND,13,4,0
7,19000442.9,SEND,13,4,0
8,19000442.9,SEND,13,4,0
9,19000442.9,SEND,13,4,0
10,19000442.9,SEND,13,4,0
11,19000442.9,SEND,13,4,0
12,19000442.9,SEND,13,4,0
13,19000442.9,SEND,13,4,0
14,19000442.9,SEND,13,4,0
15,19000442.9,SEND,13,4,0
16,19000442.9,SEND,13,4,0
17,19000442.9,SEND,13,4,0
18,19000442.9,SEND,13,4,0
19,19000442.9,SEND,13,4,0
20,19000442.9,SEND,13,4,0
21,19000442.9,SEND,13,4,0
22,19000442.9,SEND,13,4,0
23,19000442.9,SEND,13,4,0
24,19000442.9,SEND,13,4,0
25,19000442.9,SEND,13,4,0
26,19000442.9,SEND,13,4,0
27,19000442.9,SEND,13,4,0
28,19000442.9,SEND,13,4,0
29,19000442.9,SEND,13,4,0
30,19000442.9,SEND,13,4,0
31,19000442.9,SEND,13,4,0
0,20366540.8,IDLE,13,0,0
1,20366540.8,IDLE,13,0,0
2,20366540.8,IDLE,13,0,0
3,20366540.8,IDLE,13,0,0
4,20366540.8,IDLE,13,0,0
5,20366540.8,IDLE,13,0,0
6,20366540.8,IDLE,13,0,0
7,20366540.8,IDLE,13,0,0
8,20366540.8,IDLE,13,0,0
9,20366540.8,IDLE,13,0,0
10,20366540.8,IDLE,13,0,0
11,20366540.8,IDLE,13,0,0
12,20366540.8,IDLE,13,0,0
13,20366540.8,IDLE,13,0,0
14,20366540.8,IDLE,13,0,0
15,20366540.8,IDLE,13,0,0
16,20366540.8,IDLE,13,0,0
17,20366540.8,IDLE,13,0,0
18,20366540.8,IDLE,13,0,0
19,20366540.8,IDLE,13,0,0
20,20366540.8,IDLE,13,0,0
21,20366540.8,IDLE,13,0,0
22,20366540.8,IDLE,13,0,0
23,20366540.8,IDLE,13,0,0
24,20366540.8,IDLE,13,0,0
25,20366540.8,IDLE,13,0,0
26,20366540.8,IDLE,13,0,0
27,20366540.8,IDLE,13,0,0
28,20366540.8,IDLE,13,0,0
29,20366540.8,IDLE,13,0,0
30,20366540.8,IDLE,13,0,0
31,20366540.8,IDLE,13,0,0
0,20366540.8,COMPUTE,14,0,0
1,20366540.8,COMPUTE,14,0,0
2,20366540.8,COMPUTE,14,0,0
3,20366540.8,COMPUTE,14,0,0
4,20366540.8,COMPUTE,14,0,0
5,20366540.8,COMPUTE,14,0,0
6,20366540.8,COMPUTE,14,0,0
7,20366540.8,COMPUTE,14,0,0
8,20366540.8,COMPUTE,14,0,0
9,20366540.8,COMPUTE,14,0,0
10,20366540.8,COMPUTE,14,0,0
11,20366540.8,COMPUTE,14,0,0
12,20366540.8,COMPUTE,14,0,0
13,20366540.8,COMPUTE,14,0,0
14,20366540.8,COMPUTE,14,0,0
15,20366540.8,COMPUTE,14,0,0
16,20366540.8,COMPUTE,14,0,0
17,20366540.8,COMPUTE,14,0,0
18,20366540.8,COMPUTE,14,0,0
19,20366540.8,COMPUTE,14,0,0
20,20366540.8,COMPUTE,14,0,0
21,20366540.8,COMPUTE,14,0,0
22,20366540.8,COMPUTE,14,0,0
23,20366540.8,COMPUTE,14,0,0
24,20366540.8,COMPUTE,14,0,0
25,20366540.8,COMPUTE,14,0,0
26,20366540.8,COMPUTE,14,0,0
27,20366540.8,COMPUTE,14,0,0
28,20366540.8,COMPUTE,14,0,0
29,20366540.8,COMPUTE,14,0,0
30,20366540.8,COMPUTE,14,0,0
31,20366540.8,COMPUTE,14,0,0
0,20366540.8,SEND+RECV,14,31,3
1,20366540.8,SEND+RECV,14,31,3
2,20366540.8,SEND+RECV,14,31,3
3,20366540.8,SEND+RECV,14,31,3
4,20366540.8,RECV,14,0,4
5,20366540.8,RECV,14,0,4
6,20366540.8,RECV,14,0,4
7,20366540.8,RECV,14,0,4
8,20366540.8,RECV,14,0,4
9,20366540.8,RECV,14,0,4
10,20366540.8,RECV,14,0,4
11,20366540.8,RECV,14,0,4
12,20366540.8,RECV,14,0,4
13,20366540.8,RECV,14,0,4
14,20366540.8,RECV,14,0,4
15,20366540.8,RECV,14,0,4
16,20366540.8,RECV,14,0,4
17,20366540.8,RECV,14,0,4
18,20366540.8,RECV,14,0,4
19,20366540.8,RECV,14,0,4
20,20366540.8,RECV,14,0,4
21,20366540.8,RECV,14,0,4
22,20366540.8,RECV,14,0,4
23,20366540.8,RECV,14,0,4
24,20366540.8,RECV,14,0,4
25,20366540.8,RECV,14,0,4
26,20366540.8,RECV,14,0,4
27,20366540.8,RECV,14,0,4
28,20366540.8,RECV,14,0,4
29,20366540.8,RECV,14,0,4
30,20366540.8,RECV,14,0,4
31,20366540.8,RECV,14,0,4
0,21863383.0,IDLE,14,0,0
1,21863383.0,IDLE,14,0,0
2,21863383.0,IDLE,14,0,0
3,21863383.0,IDLE,14,0,0
4,21863383.0,IDLE,14,0,0
5,21863383.0,IDLE,14,0,0
6,21863383.0,IDLE,14,0,0
7,21863383.0,IDLE,14,0,0
8,21863383.0,IDLE,14,0,0
9,21863383.0,IDLE,14,0,0
10,21863383.0,IDLE,14,0,0
11,21863383.0,IDLE,14,0,0
12,21863383.0,IDLE,14,0,0
13,21863383.0,IDLE,14,0,0
14,21863383.0,IDLE,14,0,0
15,21863383.0,IDLE,14,0,0
16,21863383.0,IDLE,14,0,0
17,21863383.0,IDLE,14,0,0
18,21863383.0,IDLE,14,0,0
19,21863383.0,IDLE,14,0,0
20,21863383.0,IDLE,14,0,0
21,21863383.0,IDLE,14,0,0
22,21863383.0,IDLE,14,0,0
23,21863383.0,IDLE,14,0,0
24,21863383.0,IDLE,14,0,0
25,21863383.0,IDLE,14,0,0
26,21863383.0,IDLE,14,0,0
27,21863383.0,IDLE,14,0,0
28,21863383.0,IDLE,14,0,0
29,21863383.0,IDLE,14,0,0
30,21863383.0,IDLE,14,0,0
31,21863383.0,IDLE,14,0,0
0,21863383.0,SEND+RECV,15,3,31
1,21863383.0,SEND+RECV,15,3,31
2,21863383.0,SEND+RECV,15,3,31
3,21863383.0,SEND+RECV,15,3,31
4,21863383.0,SEND,15,4,0
5,21863383.0,SEND,15,4,0
6,21863383.0,SEND,15,4,0
7,21863383.0,SEND,15,4,0
8,21863383.0,SEND,15,4,0
9,21863383.0,SEND,15,4,0
10,21863383.0,SEND,15,4,0
11,21863383.0,SEND,15,4,0
12,21863383.0,SEND,15,4,0
13,21863383.0,SEND,15,4,0
14,21863383.0,SEND,15,4,0
15,21863383.0,SEND,15,4,0
16,21863383.0,SEND,15,4,0
17,21863383.0,SEND,15,4,0
18,21863383.0,SEND,15,4,0
19,21863383.0,SEND,15,4,0
20,21863383.0,SEND,15,4,0
21,21863383.0,SEND,15,4,0
22,21863383.0,SEND,15,4,0
23,21863383.0,SEND,15,4,0
24,21863383.0,SEND,15,4,0
25,21863383.0,SEND,15,4,0
26,21863383.0,SEND,15,4,0
27,21863383.0,SEND,15,4,0
28,21863383.0,SEND,15,4,0
29,21863383.0,SEND,15,4,0
30,21863383.0,SEND,15,4,0
31,21863383.0,SEND,15,4,0
0,23360225.3,IDLE,15,0,0
1,23360225.3,IDLE,15,0,0
2,23360225.3,IDLE,15,0,0
3,23360225.3,IDLE,15,0,0
4,23360225.3,IDLE,15,0,0
5,23360225.3,IDLE,15,0,0
6,23360225.3,IDLE,15,0,0
7,23360225.3,IDLE,15,0,0
8,23360225.3,IDLE,15,0,0
9,23360225.3,IDLE,15,0,0
10,23360225.3,IDLE,15,0,0
11,23360225.3,IDLE,15,0,0
12,23360225.3,IDLE,15,0,0
13,23360225.3,IDLE,15,0,0
14,23360225.3,IDLE,15,0,0
15,23360225.3,IDLE,15,0,0
16,23360225.3,IDLE,15,0,0
17,23360225.3,IDLE,15,0,0
18,23360225.3,IDLE,15,0,0
19,23360225.3,IDLE,15,0,0
20,23360225.3,IDLE,15,0,0
21,23360225.3,IDLE,15,0,0
22,23360225.3,IDLE,15,0,0
23,23360225.3,IDLE,15,0,0
24,23360225.3,IDLE,15,0,0
25,23360225.3,IDLE,15,0,0
26,23360225.3,IDLE,15,0,0
27,23360225.3,IDLE,15,0,0
28,23360225.3,IDLE,15,0,0
29,23360225.3,IDLE,15,0,0
30,23360225.3,IDLE,15,0,0
31,23360225.3,IDLE,15,0,0
